词语	拼音	意思	语法	课	繁體	
您	nín	Vous (forme respectueuse)	Pron.	1		-
好	hǎo	Bon, bien	Adj.	1		
贵姓	guìxìng	Comment vous appelez-vous ?		1	貴姓	
姓	xìng	S'appeler; nom de famille	V & N	1		
我	wǒ	Je, me, moi	Pron.	1		
呢	ne	(Particule interrogative)	Part.	1		
是	shì	Être	V.	1		
人	rén	Personne, homme	N.	1		
吗	ma	(Particule interrogative)	Part.	1	嗎	
不	bù	On, ne pas	Adv.	1		
同学	tóngxué	Camarade de classe	N.	1	同學	
们	men	(Suffixe pluriel)		1	們	
老师	lǎoshī	Professeur, enseignant	N.	1	老師	
叫	jiào	Appeler, s'appeler; crier	V.	1		
你	nǐ	Tu, te, toi	Pron.	1		
什么	shénme	Quoi, que, quel	Pron.Int.	1	甚麽	
名字	míngzi	Nom	N.	1		
哪国人	nǎ guó rén	Quelle nationalité		1	哪國人	
哪	nǎ	Quel(s), quelle(s)	Pron.Int.	1		
国	guó	Pays		1	國	
也	yě	Aussi	Adv.	1		
说	shuō	Parler, dire	V.	1	說	
英语	yīngyǔ	Langue anglaise	N.	1	英語	
还是	háishi	Ou	Conj.	1	還是	
法语	fǎyǔ	Langue française	N.	1	法語	
都	dōu	Tout, tous, toute(s)	Adv.	1		
只	zhǐ	Seulement, uniquement	Adv.	1		
汉语	hànyǔ	Langue chinoise	N.	1	漢語	
她	tā	Elle, elle, se, la	Pron.	1		
他	tā	Il, lui, se, la	Pron.	1		
加拿大	jiānádà	Canada	NP	1		
中国	zhōngguó	Chine	NP	1	中國	
法国	fǎguó	France	NP	1	法國	
美国	měiguó	Etats-Unis	NP	1	美國	
英国	Yīngguó	Royaume-Uni	NP	1+	英國	
俄国	Éguó	Russie	NP	1+	俄國	
德国	Déguó	Allemagne	NP	1+	德國	
日本	Rìběn	Japon	NP	1+		
韩国	hánguó	Corée du Sud	NP	1+	韓國	
华裔	huáyì	Personne d'origine chinoise qui n'est pas de nationalité chinoise	N.	1+	華裔	
认识	rènshi	Connaître	V.	2	認識	-
很	hěn	Très	Adv.	2		
高兴	gāoxìng	Heureux, content	Adj.	2	高興	
在	zài	(Être) dans, en, sur...	Prep & V	2		
进出口	jìnchūkǒu	Importation et exportation		2	進出口	
进口	jìnkǒu	Importation	V.	2	進口	
出口	chūkǒu	Exportation	V.	2		
公司	gōngsī	Entreprise, société, compagnie	N.	2		
工作	gōngzuò	Travailler; travail	V & N	2		
大学	dàxué	Université	N.	2	大學	
系	xì	Département	N.	2		
学习	xuéxí	Étudier, apprendre	V.	2	學習	
可以	kěyǐ	Pouvoir	V.Aux.	2		
给	gěi	À, pour	Prep.	2	給	
打电话	dǎ diànhuà	Téléphoner		2	打電話	
电话	diànhuà	Téléphone	N.	2	電話	
给 (人) 打电话	gěi (rén) dǎ diànhuà	Téléphoner à qn		2	給(人)打電話	
的	de	(Particule signifiant l'appartement)	Part.	2		
我的	wǒ de	Mon, mes, le mien, les miens		2		
号码	hàomǎ	Numéro	N.	2	號碼	
零	líng	Zéro	Num.	2		
发	fā	Envoyer, poster	V.	2	發	
电子邮件	diànzǐ yóujiàn	E-mail		2	電子郵件	
电子	diànzǐ	Électronique	N.	2	電子	
邮件	yóujiàn	Lettre, courrier	N.	2	郵件	
这	zhè	Ce, cet, cette	Pron.	2	這	
女	nǚ	Féminin	Adj.	2		
朋友	péngyou	Ami	N.	2		
请	qǐng	S'il vous plaît, prier de	V.	2	請	
进	jìn	Entrer	V.	2	進	
坐	zuò	S'asseoir	V.	2		
谢谢	xièxie	Merci	V.	2	謝謝	
喝	hē	Boire	V.	2		
茶	chá	Thé	N.	2		
哪儿，哪里	nǎr，nǎli	Où	Pron.Int.	2	哪兒，哪裏	
学院	xuéyuàn	Institut	N.	2	學院	
怎么样	zěnmeyàng	Comment	Pron.Int.	2	怎麽樣	
大	dà	Grand	Adj.	2		
漂亮	piàoliang	Joli, beau	Adj.	2		
喜欢	xǐhuan	Aimer	V.	2	喜歡	
那	nà	Ce, cela	Pron.	2		
男	nán	Masculin	Adj.	2		
小	xiǎo	Petit	Adj.	2		
中学	zhōngxué	École secondaire	N.	2+	中學	
小学	xiǎoxué	École primaire	N.	2+	小學	
饮料	yǐnliào	Boissons	N.	2+	飲料	
橙汁	chéngzhī	Jus d'orange	N.	2+		
可口可乐	kěkǒukělè	Coca-cola	N.	2+	可口可樂	
亚洲	Yàzhōu	Asie	N.	2+	亞洲	
欧洲	Ōuzhōu	Europe	N.	2+	歐洲	
美洲	Měizhōu	Amérique	N.	2+		
大洋洲	Dàyángzhōu	Océanie	N.	2+		
非洲	Fēizhōu	Afrique	N.	2+		
西方	Xīfāng	Occident	N.	2+		
地方	dìfang	Endroit, lieu	N.	3		-
个	gè	(Compteur général)	Spec.	3	個	
这儿，这里	zhèr，zhèli	Ici	Pron.	3	這兒，這裏	
家	jiā	Famille, maison	N & Spec	3		
有	yǒu	Avoir, il y a	V.	3		
几	jǐ	Combien	Pron.Int.	3	幾	
口	kǒu	(Compteur pour la personne quand il s'agit de la famille)	Spec.	3		
爸爸	bàba	Père, papa	N.	3		
妈妈	māma	Mère, maman	N.	3	媽媽	
和	hé	Et	Conj.	3		
太太	tàitai	Femme, madame	N.	3		
孩子	háizi	Enfant	N.	3		
男孩儿	nánháir	Garçon		3	男孩兒	
女孩儿	nǚháir	Fille		3	女孩兒	
多大	duōdà	Quelle âge		3		
两	liǎng	Deux	Num.	3	兩	
岁	suì	Âge, an	Spec.	3	歲	
可爱	kě'ài	Charmant, aimable	Adj.	3	可愛	
吧	ba	(Particule)	Part.	3		
学校	xuéxiào	École, université	N.	3	學校	
多少	duōshao	Combien	Pron.Int.	3		
学生	xuésheng	Élève, étudiant	N.	3	學生	
想	xiǎng	Penser, vouloir	V & V.M	3		
大概	dàgài	Peut-être, environ	Adv.	3		
万	wàn	Dix mille	Num.	3	萬	
没有	méiyǒu	Il n'y a pas, ne pas avoir	V.	3	沒有	
多	duō	Beaucoup, nombreux	Adj.	3		
千	qiān	Mille	Num.	3		
去	qù	Aller	V.	3		
为什么	wèi shénme	Pourquoi		3	為什麽	
为	wèi	Pour, afin de	Prep.	3	為	
分公司	fēngōngsī	Filiale d'une entreprise, succursale		3		
老板	lǎobǎn	Patron	N.	3	老闆	
让	ràng	Faire (faire), laisser, demander (de faire)	V.	3	讓	
那儿，那里	nàr，nàli	Là-bas	Pron.	3	那兒，那裏	
百	bǎi	Cent	Num.	3		
少	shǎo	Peu	Adj.	3		
因为	yīnwèi	Parce que, car	Conj.	3	因爲	
广东	Guǎngdōng	Guangdong	NP	3	廣東	
哥哥	gēge	Frère aîné	N.	3+		
姐姐	jiějie	Soeur ainée	N.	3+		
弟弟	dìdi	Frère cadet	N.	3+		
妹妹	mèimei	Soeur cadette	N.	3+		
年纪	niánjì	Âge	N.	3+	年紀	
亿	yì	Cent millions	Num.	3+	億	
职员	zhíyuán	Employé	N.	3+	職員	
地图 [张]	dìtú	Carte	N.	4	地圖 [張]	-
张	zhāng	(Spécificatif pour le papier, la carte, le ticket)	Spec.	4	張	
中文	zhōngwén	Langue chinoise	N.	4		
法文	fǎwén	Langue française	N.	4		
看	kàn	Regarder, voir	V.	4		
一下	yíxià	Un(une), un coup		4		
行	xíng	D'accord, bien	V.	4		
要	yào	Vouloir qch. vouloir faire qch.	V & V.M	4		
给	gěi	Donner	V.	4	給	
干	gàn	Faire, travailler	V.	4	幹	
是的	shìde	Oui		4		
玩儿	wánr	Jouer, s'amuser	V.	4	玩兒	
知道	zhīdào	Savoir, connaître	V.	4		
比较	bǐjiào	Relativement	Adv.	4	比較	
真	zhēn	Réellement, vraiment; vrai, réel	Adv & Adj	4		
有意思	yǒu yìsi	Intéressant		4		
意思	yìsi	Sens, signification	N.	4		
龙	lóng	Dragon	N.	4	龍	
山	shān	Montagne, colline	N.	4		
词典 [本]	cídiǎn	Dictionnaire	N.	4	詞典	
汉法词典	Hàn-Fǎ cídiǎn	Dictionnaire chinois-français		4	漢法詞典	
法汉词典	Fǎ-Hàn cídiǎn	Dictionnaire français-chinois		4	法漢詞典	
本	běn	(Spécificatif pour les livres, les cahiers, les albums etc.)	Spec.	4		
谁	shéi，shuí	Qui	Pron.Int.	4	誰	
请问	qǐngwèn	Excusez-moi; pardon (utilisé pour poser des questions)		4	請問	
问	wèn	Demander	V.	4	問	
对	duì	Oui, correct	Adj.	4	對	
非常	fēicháng	Très extrêmement	Adv.	4		
有用	yǒuyòng	Utile	Adj.	4		
能	néng	Pouvoir	V.M.	4		
用	yòng	Utiliser, employer	V.	4		
当然	dāngrán	Bien sûr, évidemment	Adv.	4	當然	
书 [本]	shū	Livre	N.	4	書	
本子	běnzi	Cahier	N.	4		
笔 [支]	bǐ	Stylo, crayon	N.	4	筆	
支	zhī	(Spécificatif pour les stylos)	Spec.	4		
教室	jiàoshì	Salle de classe	N.	4		
上课	shàng kè	Suivre des cours		4	上課	
北京	Běijīng	Beijing	NP	4		
上海	Shànghǎi	Shanghai	NP	4		
龙山	Lóngshān	Longshan	NP	4	龍山	
课本	kèběn	Manuel	N.	4+	課本	
录音机	lùyīnjī	Magnétophone 	N.	4+	錄音機	
录像机	lùxiàngjī	Magnétoscope, caméra	N.	4+	錄像機	
磁带	cídài	Cassette	N.	4+	磁帶	
录像带	lùxiàngdài	Cassette vidéo	N.	4+	錄像帶	
盘	pán	(Spécificatif pour les cassettes (vidéo))	Spec.	4+	盤	
光盘	guāngpán	CD, CD-ROM	N.	4+	光盤	
教师	jiàoshī	Professeur, enseignant	N.	4+	教師	
语言实验室	yǔyán shíyànshì	Laboratoire de langues		4+	語言實驗室	
黑板	hēibǎn	Tableau noir	N.	4+		
小姐	xiǎojiě	Mademoiselle	N.	5		-
会	huì	Savoir faire qch; être capable de faire qch.	V.M.	5	會	
一点儿	yìdiǎnr	Un peu		5	一點兒	
先生	xiānsheng	Monsieur; mari	N.	5		
买	mǎi	Acheter	V.	5	買	
件	jiàn	(Spécificatif pour les vêtements)	Spec.	5		
衬衫 [件]	chènshān	Chemise	N.	5	襯衫	
白	bái	Blanc	Adj.	5		
钱	qián	Argent, monnaie	N.	5	錢	
块(元)	kuài (yuán)	Unité de Renminbi	Spec.	5	塊	
太	tài	Trop; excessivement	Adv.	5		
太······了	tài … le	C'est trop ...		5		
不太······	bú tài …	Ce n'est pas trop ...		5		
贵	guì	Cher, noble	Adj.	5	貴	
红	hóng	Rouge	Adj.	5	紅	
便宜	piányi	Bon marché	Adj.	5		
还	hái	Encore, de nouveau ; en plus	Adv.	5	還	
条	tiáo	(Spécificatif pour les pantalons, les routes, les rivières, les poissons, etc.)	Spec.	5	條	
裤子 [条]	kùzi	Pantalon	N.	5	褲子 [條]	
试	shì	Essayer	V.	5	試	
那，···	nà, ...	Dans ce cas-là; donc...	Conj.	5		
来	lái	Venir	V.	5	來	
饭店	fàndiàn	Restaurant, hôtel	N.	5	飯店	
最	zuì	Le plus	Adv.	5		
好吃	hǎochī	Délicieux	Adj.	5		
菜	cài	Plat, légumes	N.	5		
糖醋鱼	tángcùyú	Poisson à la sauce aigre-douce		5	糖醋魚	
糖	táng	Sucre; bonbon	N.	5		
醋	cù	Vinaigre	N.	5		
鱼 [条]	yú	Poisson	N.	5	魚 [條]	
吃	chī	Manger	V.	5		
辣	là	Piquant, épicé	Adj.	5		
酸辣汤	suānlàtāng	Soupe vinaigrée et poivrée		5	酸辣湯	
酸	suān	Acide	Adj.	5		
汤	tāng	Soupe	N.	5	湯	
牛肉	niúròu	Boeuf	N.	5		
牛	niú	Vache, boeuf	N.	5		
肉	ròu	Viande	N.	5		
红烧	hóngshāo	Cuire à feu doux et à la sauce de soja		5	紅燒	
米饭	mǐfàn	Riz cuit	N.	5	米飯	
水饺(饺子)	shuǐjiǎo (jiǎozi)	Ravioli chinois	N.	5	睡覺(餃子)	
瓶	píng	Bouteille	Spec.	5		
啤酒	píjiǔ	Bière	N.	5		
等	děng	Attendre	V.	5		
东西	dōngxi	Chose	N.	5	東西	
买东西	mǎi dōngxi	Faire des courses		5	買東西	
商店	shāngdiàn	Magasin	N.	5		
卖	mài	Vendre	V.	5	賣	
衣服 [件]	yīfu	Vêtements	N.	5		
颜色	yánsè	Couleur	N.	5+	顔色	
蓝	lán	Bleu	Adj.	5+	藍	
绿	lǜ	Vert	Adj.	5+	綠	
黄	huáng	Jaune	Adj.	5+	黃	
黑	hēi	Noir	Adj.	5+	黑	
人民币	rénmínbì	(Nom de la monnaie chinoise)		5+	人民幣	
角(毛)	jiǎo (máo)	1 mao = 10 centimes	Spec.	5+		
分	fēn	Centime	Spec.	5+		
鸡	jī	Coq, poule, poulet	N.	5+	鷄	
猪	zhū	Cochon, porc	N.	5+	豬	
甜	tián	Sucré	Adj.	5+		
咸	xián	Salé	Adj.	5+		
唐人街	Tāngrén Jiē	Chinatown	NP	5+		
中国城	Zhōngguó chéng	Chinatown	NP	5+	中國城	
明天	míngtiān	Demain	M.T.	6		-
星期六	xīngqīliù	Samedi	M.T.	6		
星期	xīngqī	Semaine	N.	6		
打算	dǎsuàn	Envisager (de faire qch.); plan, compter (faire qch.)	V & N	6		
打工	dǎgōng	Travailler temporairement pour qn.		6		
晚上	wǎnshang	Soir, soirée	M.T.	6		
约会	yuēhuì	Rendez-vous	N.	6	約會	
白天	báitiān	Journée	M.T.	6		
家里	jiāli	À la maison	M.P.	6	家裏	
里	lǐ	Dans, à l'intérieur	M.P.	6	裏	
休息	xiūxi	Se reposer	V.	6		
打球	dǎqiú	Jouer au ballon		6		
球	qiú	Ballon	N.	6		
跟······一起	gēn…yìqǐ	Ensemble avec…		6		
跟	gēn	Avec	Prep.	6		
一起	yìqǐ	Ensemble	Adv.	6		
电视	diànshì	Télévision	N.	6	電視	
位	wèi	(Spécificatif pour les personnes en exprimant la politesse)	Spec.	6		
事儿 [件]	shìr	Affaire, chose	N.	6	事兒	
咖啡	kāfēi	Café	N.	6		
时候	shíhou	Temps, moment	N.	6	時候	
什么时候	shénme shíhou	Quand, quel temps, quel moment		6	什麽時候	
今天	jīntiān	Aujourd'hui	M.T.	6		
忙	máng	Occupé	Adj.	6		
做	zuò	Faire	V.	6		
功课	gōngkè	Devoir	N.	6	功課	
对不起	duìbuqǐ	Pardon		6	對不起	
没关系	méi guānxi	De rien, ce n'est pas grave		6	沒關係	
空儿	kòngr	Temps libre	N.	6	空兒	
点(钟)	diǎn(zhōng)	Heure	Spec.	6	點(鐘)	
半	bàn	Demi	Num.	6		
见面	jiànmiàn	Se rencontrer		6	見面	
刻	kè	Un quart d'heure	Spec.	6		
接	jiē	Accueillir	V.	6		
再见	zàijiàn	Au revoir	V.	6	再見	
现在	xiànzài	Maintenant	M.T.	6	現在	
分	fēn	Minute	Spec.	6		
早上	zǎoshang	Petit matin	M.T.	6		
上午	shàngwǔ	Matin	M.T.	6		
下午	xiàwǔ	Après-midi	M.T.	6		
咖啡馆	kāfēiguǎn	Café (le lieu)	N.	6+	咖啡館	
篮球	lánqiú	Basket-ball	N.	6+	籃球	
网球	wǎngqiú	Tennis	N.	6+	網球	
橄榄球	gǎnlǎnqiú	Rugby	N.	6+	橄欖球	
排球	páiqiú	Volley-ball	N.	6+		
羽毛球	yǔmáoqiú	Badminton	N.	6+		
乒乓球	pīngpāngqiú	Ping-pong	N.	6+		
足球	zúqiú	Football	N.	6+		
踢	tī	Jouer	N.	6+		
前天	qiántiān	Avant-hier	N.	6+		
后天	hòutiān	Après-demain	N.	6+	後天	
夜里	yèli	Nuit	N.	6+	夜裏	
上网	shàngwǎng	Aller sur internet		6+	上網	
曲棍球	qūgùnqiú	Hockey sur gazon	N.	6+		
冰球	bīngqiú	Hockey sur glace	N.	6+		
放假	fàngjià	Prendre des vacances		7		-
月	yuè	Mois		7		
下旬	xiàxún	Dernière décade d'un mois	M.T.	7		
以后	yǐhòu	Après, plus tard	M.T.	7	以後	
旅行	lǚxíng	Voyager	V.	7		
中旬	zhōngxún	Deuxième décade d'un mois	M.T.	7		
或者	huòzhě	Ou	Conj.	7		
回来	huílai	Rentrer, retourner	V.D.	7	回來	
回	huí	Rentrer, retourner	V.D.	7		
号(日)	hào (rì)	Date		7	號(日)	
以前	yǐqián	Avant, auparavant	M.T.	7		
可是	kěshì	Mais	Conj.	7		
有点儿	yǒudiǎnr	Un peu	Adv.	7	有點兒	
担心	dānxīn	S'inquiéter, être inquiet	V.	7	擔心	
别	bié	Ne pas (demander à qn de ne pas faire qch.)	Adv.	7	別	
帮助	bāngzhù	Aider, aide	V & N	7	幫助	
进来	jìnlái	Entrer	V.D.	7	進來	
进	jìn	Entrer	V.D.	7	進	
找	zhǎo	Chercher, rechercher	V.	7		
戴	dài	Porter (des lunettes, une cravate, une montre...)	V.	7		
副	fù	(Spécificatif pour les lunettes, les jumelles...)	Spec.	7		
眼镜 [副]	yǎnjìng	Lunettes	N.	7	眼鏡	
每	měi	Chacun	Pron.	7		
瘦	shòu	Mince, maigre	Adj.	7	瘦	
高	gāo	Grand, haut	Adj.	7		
头发	tóufa	Cheveux	N.	7	頭髮	
长	cháng	Long	Adj.	7	長	
穿	chuān	Habiller, porter	V.	7		
牛仔裤 [条]	niúzǎikù	Jeans		7	牛仔褲	
刚	gāng	Venir de, juste avant	Adv.	7	剛	
出去	chūqù	Sortir	V.D.	7		
出	chū	Sortir	V.D.	7		
过	guò	Passer, traverser	V.D.	7	過	
一会儿	yíhuìr	Un moment		7	一會兒	
再	zài	Encore	Adv.	7		
上	shàng	Dessus, monter	N & V.D	7		
下	xià	Dessous, descendre	N & V.D	7		
今年	jīnnián	Cette année	M.T.	7		
四川	Sìchuān	Sichuan	NP	7		
云南	Yúnnán	Yunnan	NP	7	雲南	
明年	míngnián	Année prochaine	N.	7+		
去年	qùnián	Année dernière, année passée	N.	7+		
后年	hòunián	Dans deux ans	N.	7+	後年	
前年	qiánnián	Il y a deux ans	N.	7+		
上旬	shàngxún	La première décade d'un mois	N.	7+		
不要	bú yào	Ne pas (demande à qn. de ne pas faire qch.)		7+		
不用	bú yòng	Pas besoin, pas nécessaire de, pas la peine		7+		
胖	pàng	Gros	Adj.	7+		
矮	ǎi	Petit (en taille)	Adj.	7+		
短	duǎn	Court	Adj.	7+		
附近	fùjìn	Près, près de	M.P.	8		-
银行	yínháng	Banque	N.	8	銀行	
行人	xíngrén	Piéton	N.	8		
离	lí	De	Prep.	8		
远	yuǎn	Loin	Adj.	8	離	
怎么	zěnme	Comment	Adv.	8	怎麽	
走	zǒu	Aller, marcher, partir	V.	8		
往	wǎng	À, vers	Prep.	8		
前面(前边)	qiánmian(qiánbian)	Devant, avant	M.P.	8	前邊	
前	qián	Devant, avant		8		
右面(右边)	yòumian(yòubian)	À droite	M.P.	8	右邊	
右	yòu	Droite		8		
拐	guǎi	Tourner	V.	8		
马路 [条]	mǎlù	Rue, route	N.	8	馬路 [條]	
路	lù	Rue, route, chemin	N.	8		
就	jiù	Juste (pour insister)	Adv.	8		
邮局	yóujú	Bureau de poste	N.	8	郵局	
旁边	pángbiān	À côté	M.P.	8	旁邊	
不客气	bú kèqi	De rien (pour répondre à un remerciement)		8	不客氣	
客气	kèqi	Poli, courtois, modeste	Adj.	8	客氣	
市中心	shì zhōngxīn	Centre-ville		8		
告诉	gàosu	Dire	V.	8	告訴	
地铁	dìtiě	Métro	N.	8	地鐵	
从	cóng	De, depuis	Prep.	8	從	
到	dào	À, jusqu'à; arriver	Prep & V	8		
门口	ménkǒu	Porte, entrée	M.P.	8	門口	
公共汽车	gōnggòng qìchē	Bus		8	公共汽車	
汽车	qìchē	Voiture, automobile	N.	8	汽車	
车	chē	Véhicule	N.	8	車	
站	zhàn	Station, arrêt	N.	8		
然后	ránhòu	Puis, ensuite	Conj.	8	然後	
换	huàn	Changer	V.	8	換	
下车	xià chē	Descendre (de l'auto)		8	下車	
骑	qí	Monter (à cheval; sur un vélo)	V.	8	騎	
自行车	zìxíngchē	Bicyclette, vélo	N.	8	自行車	
后面(后边)	hòumian(hòubian)	Derrière, arrière	M.P.	8	後面(後邊)	
左面(左边)	zuǒmian(zuǒbian)	À gauche	M.P.	8	左邊	
上面(上边)	shàngmian(shàngbian)	Dessus, au-dessus	M.P.	8	上邊	
下面(下边)	xiàmian(xiàbian)	Bas, en bas	M.P.	8	下邊	
里面(里边)	lǐmian(lǐbian)	À l'intérieur	M.P.	8	裏邊	
外面(外边)	wàimian(wàibian)	À l'extérieur, dehors	M.P.	8	外邊	
上车	shàng chē	Monter dans la voiture		8	上車	
近	jìn	Près	Adj.	8		
中间	zhōngjiān	Centre, milieu	M.P.	8+	中間	
出租汽车	chūzū qìchē	Taxi		8+	出租汽車	
船	chuán	Bateau	N.	8+		
开(车)	kāi(chē)	Conduire, piloter	V.	8+	開(車)	
辆	liàng	(Spécificatif pour les véhicules)	Spec.	8+	輛	
老人家	lǎorénjia	Monsieur/Madame (pour les personnes âgées)	N.	9		-
只	zhī	(Spécificatif pour des oiseaux, chats, chiens etc.)	Spec.	9	隻	
狗 [条只]	gǒu	Chien	N.	9		
养	yǎng	Élever (les animaux), cultiver (les fleurs), etc.	V.	9	養	
过	guò	(Pour marquer une action achevée dans le passé)	Part.	9	過	
花儿	huār	Fleur	N.	9	花兒	
鸟儿 [只]	niǎor	Oiseau	N.	9	鳥兒	
但是	dànshì	Mais	Conj.	9		
听说	tīngshuō	Avoir entendu dire, on dit	V.	9	聽説	
城市	chéngshì	Ville	N.	9		
有的	yǒude	Certain	Pron.	9		
猫 [只]	māo	Chat	N.	9	貓	
动物	dòngwù	Animal	N.	9	動物	
麻烦	máfan	Ennuyeux, fastidieux; déranger, importuner; complication		9	麻煩	
时间	shíjiān	Temps	N.	9	時間	
自己	zìjǐ	Soi-même	Pron.	9		
办	bàn	Faire	V.	9	辦	
对···熟悉	duì···shúxī	Connaître, se familiariser avec		9	對···熟悉	
对	duì	À, avec	Prep.	9	對	
熟悉	shúxī	Connaître, se familiariser avec	V.	9		
些	xiē	(Spécificatif pour le pluriel)	Spec.	9		
这些	zhèxiē	Ces		9	這些	
那些	nàxiē	Ces		9	那些	
哪些	nǎxiē	Quels		9	哪些	
一些	yìxiē	Un peu, un certain nombre		9		
照片 [张]	zhàopiàn	Photo	N.	9	照片 [張]	
登	dēng	Grimper	V.	9		
不到长城非好汉	bú dào Chángchéng fēi hǎohàn	"Vous n'êtes pas un vrai homme si vous n'avez pas conquis la Grande Muraille"		9	不到長城非好漢	
非	fēi	Pas	V.	9		
好汉	hǎohàn	Vrai homme	N.	9	好漢	
别的	biéde	Autre	Pron.	9	別的	
欢迎	huānyíng	Accueillir	V.	9	歡迎	
要是···的话	yàoshi···dehua	Si...		9	要是···的話	
陪	péi	Accompagner	V.	9		
得	děi	Il faut, devoir		9		
(飞)机票	(fēi)jīpiào	Billet d'avion	N.	9	(飛)機票	
飞机	fēijī	Avion	N.	9	飛機	
票 [张]	piào	Ticket, billet	N.	9	票 [張]	
所以	suǒyǐ	Donc, c'est pourquoi	Conj.	9		
别人	biérén	Autre personne	Pron.	9	別人	
拍照	pāi zhào	Prendre une photo	V.O.	9		
故宫	Gùgōng	Cité interdite, le Palais impérial	NP	9	故宮	
颐和园	Yíhéyuán	Palais d'été	NP	9	頤和園	
长城	Chángchéng	La Grande Muraille	NP	9	長城	
西安	Xī'ān	Xi'an	NP	9		
成都	Chéngdū	Chengdu	NP	9		
宠物	chǒngwù	Animal de compagnie	N.	9+	寵物	
遛狗	liù gǒu	Promener le chien	V.O.	9+		
照相	zhào xiàng	Photographier, prendre des photos	V.O.	9+		
照相机	zhàoxiàngjī	Appareil photo	N.	9+	照相機	
胶卷	jiāojuǎn	Film (pour prendre des photos ou filmer)	N.	9+	膠捲	
旅游	lǚyóu	Voyager	V.	9+		
大家	dàjiā	Tout le monde	Pron.	10		-
没(有)	méi(yǒu)	Non	Adv.	10	沒有	
住	zhù	Habiter	V.	10		
宿舍	sùshè	Dortoir	N.	10		
天 / 日	tiān / rì	Jour	Spec.	10		
餐厅	cāntīng	Salle à manger; Cantine, restaurant	N.	10	餐廳	
早饭	zǎofàn	Petit-déjeuner	N.	10	早飯	
可能	kěnéng	Peut-être, possible	Adv & Adj	10		
正在	zhèngzài	Être en train de faire qch	Adv.	10		
在	zài	Mot pour désigner une action en cours	Adv.	10		
睡觉	shuì jiào	Se coucher, dormir	V.O.	10	睡覺	
肯定	kěndìng	Sûr, certain	Adj.	10		
已经	yǐjīng	Déjà	Adv.	10	已經	
起床	qǐ chuáng	Se lever	V.O.	10		
起	qǐ	Se lever	V.	10		
床 [张]	chuáng	Lit	N.	10		
错	cuò	Tort, erroné	Adj.	10	錯	
医院	yīyuàn	Hôpital	N.	10	醫院	
病	bìng	Être malade; maladie	V & N	10		
舒服	shūfu	Confortable	Adj.	10		
医生	yīshēng	Docteur	N.	10	醫生	
肚子	dùzi	Ventre	N.	10		
疼	téng	Avoir mal	Adj.	10		
干净	gānjìng	Propre	Adj.	10	乾净	
片	piàn	(Spécificatif pour des objets fins et plats)	Spec.	10		
面包 [个块片]	miànbāo	Pain	N.	10	麵包	
杯	bēi	Un verre	Spec.	10		
牛奶 [杯]	niúnǎi	Lait	N.	10		
不过	búguò	Mais	Conj.	10	不過	
昨天	zuótiān	Hier	M.T.	10		
请客	qǐng kè	Inviter	V.O.	10	請客	
生鱼片	shēng yúpiàn	Sashimi		10	生魚片	
生	shēng	Cru	Adj.	10		
鱼片	yúpiàn	Tranche de poisson	N.	10	魚片	
新鲜	xīnxiān	Frais	Adj.	10	新鮮	
药	yào	Médicament	N.	10	藥	
着急	zháojí	S'inquiéter, être anxieux	Adj.	10		
说完	shuō-wán	Finir de parler		10	説完	
完	wán	Finir de ...	V.	10		
厕所	cèsuǒ	Toilettes	N.	10	厠所	
头	tóu	Tête	N.	10+	頭	
眉毛	méimao	Sourcil	N.	10+		
鼻子	bízi	Nez	N.	10+		
耳朵	ěrduo	Oreille	N.	10+		
嘴巴	zuǐba	Bouche	N.	10+		
牙齿	yáchǐ	Dent	N.	10+	牙齒	
舌头	shétou	Langue	N.	10+	舌頭	
下巴	xiàba	Menton	N.	10+		
脸	liǎn	Visage	N.	10+	臉	
脖子	bózi	Cou	N.	10+		
肩膀	jiānbǎng	Épaule	N.	10+		
手臂	shǒubì	Bras	N.	10+		
胸	xiōng	Poitrine	N.	10+		
乳房	rǔfáng	Sein	N.	10+		
腰	yāo	Taille	N.	10+		
屁股	pìgu	Fesse	N.	10+		
大腿	dàtuǐ	Cuisse	N.	10+		
小腿	xiǎotuǐ	Mollet	N.	10+		
脚	jiǎo	Pied	N.	10+		
食堂	shítáng	Cantine, cafétéria	N.	10+		
迟到	chídào	Être en retard	V.	10+	遲到	
大夫 [位]	dàifu	Docteur, médecin	N.	10+		
脏	zāng	Sale, malpropre, mauvais	Adj.	10+	髒	
打针	dǎ zhēn	Faire une injection	V.O.	10+	打針	
洗手间	xǐshǒujiān	Cabinet de toilette	N.	10+	洗手間	
新	xīn	Nouveau, neuf	Adj.	11		-
借	jiè	Emprunter, prêter	V.	11		
房间	fángjiān	Chambre	N.	11	房間	
拿	ná	Prendre	V.	11		
历史	lìshǐ	Histoire	N.	11	歷史	
博物馆	bówùguǎn	Musée	N.	11	博物館	
父母亲	fùmǔqin	Parents		11	父母親	
父亲	fùqin	Père	N.	11	父親	
母亲	mǔqin	Mère	N.	11	母親	
先	xiān	D'abord	Adv.	11		
火车	huǒchē	Train	N.	11	火車	
第	dì	(Préfixe qui exprime un nombre ordinal)		11		
次	cì	(Spécificatif pour indiquer la fréquence (nb de fois))	Spec.	11		
经济	jīngjì	Économie	N.	11	經濟	
文化	wénhuà	Culture	N.	11		
对……感兴趣 / 有兴趣	duì…gǎn xìngqù / yǒu xìngqù	S'intéresser à ...		11	對感興趣	
兴趣	xìngqù	Intérêt	N.	11	興趣	
中国通	zhōngguótōng	Sinisant, sinologue		11	中國通	
下课	xià kè	Terminer la classe	V.O.	11	下課	
图书馆	túshūguǎn	Bibliothèque	N.	11	圖書館	
还	huán	Rendre	V.	11	還	
写	xiě	Écrire	V.	11	寫	
生意	shēngyi	Les affaires	N.	11		
不错	búcuò	Pas mal	Adj.	11	不錯	
应该	yīnggāi	Devoir (faire qqch)		11	應該	
恐怕	kǒngpà	Peut être que. Avoir peur que	Adv.	11		
过期	guò qī	Périmé	V.O.	11	過期	
快	kuài	Vite, rapide	Adj.	11		
罚款	fákuǎn	Condamner à une amende	V.O.	11	罰款	
罚	fá	Condamner, punir	V.	11	罰	
款	kuǎn	Une somme d'argent	N.	11		
规定	guīdìng	Règlement, stipuler	N.	11	規定	
这么	zhème	Comme ça, si, tellement	Adv.	11	這麽	
厉害	lìhai	Sévère, féroce, fort	Adj.	11	厲害	
算了	suàn le	Laisser tomber, abandonner		11		
那么	nàme	Comme ça; de toute façon	Adv.	11	那麽	
参观	cānguān	Visiter	V.	11	參觀	
香港	Xiānggǎng	HongKong	NP	11		
超市	chāoshì	Supermarché	N.	11+		
阅览室	yuèlǎnshì	Salle de lecture	N.	11+	閲覽室	
办公室	bàngōngshì	Bureau	N.	11+	辦公室	
教学楼	jiàoxuélóu	Bâtiment de classes	N.	11+	教學樓	
学生证	xuéshēngzhèng	Carte d'étudiant	N.	11+	學生證	
借书证	jièshūzhèng	Carte de bibliothèque	N.	11+	借書證	
得	de	-	Part.	12		-
外事	wàishì	Affaires étrangères	N.	12		
活动	huódòng	Activité; agir	V & N	12	活動	
见	jiàn	Voir, rencontrer	V.	12	見	
国家	guójiā	Pays, Etat	N.	12	國家	
主席	zhǔxí	Président	N.	12		
总统	zǒngtǒng	Président	N.	12	總統	
特别	tèbié	Spécialement, spécial	Adv & Adj	12	特別	
唱歌	chàng gē	Chanter une chanson	V.O.	12		
唱	chàng	Chanter	V.	12		
歌	gē	Chanson	N.	12		
好听	hǎotīng	Agréable à entendre	Adj.	12	好聽	
跳舞	tiàowǔ	Danser	V.O.	12		
跳	tiào	Sauter	V.	12		
舞	wǔ	Danse	N.	12		
优美	yōuměi	Gracieux	Adj.	12	優美	
问题	wèntí	Question, problème	N.	12	問題	
晚	wǎn	Tard	Adj.	12		
祝	zhù	Souhaiter	V.	12		
生日	shēngrì	Anniversaire	N.	12		
快乐	kuàilè	Joyeux	Adj.	12	快樂	
送	sòng	Offrir, livrer	V.	12		
礼物 [件]	lǐwù	Cadeau	N.	12	禮物	
属	shǔ	Être né dans l'année de ... (zodiaque chinois)	V.	12	屬	
玉 [块]	yù	Jade	N.	12	玉 [塊]	
咱们	zánmen	Nous (exclus ceux qui ne sont pas présents)	Pron.	12	咱們	
蛋糕	dàngāo	Gâteau	N.	12		
字	zì	Caractère (chinois)	N.	12		
越来越	yuèláiyuè	De plus en plus...		12	越來越	
年轻	niánqīng	Jeune	Adj.	12	年輕	
流利	liúlì	Couramment	Adj.	12		
酒	jiǔ	Alcool, vin	N.	12		
越 [越…越…]	yuè … yuè …	Plus...plus		12		
明白	míngbai	Comprendre; éclairé	V & Adj	12		
干杯	gān bēi	Porter un toast, "à votre santé"	V.O.	12	乾杯	
早	zǎo	Tôt	Adj.	12		
好看	hǎokàn	Joli, beau	Adj.	12		
女王	nǚ wáng	Reine	N.	12+		
总督	zǒngdū	Gouverneur général	N.	12+	總督	
总理	zǒnglǐ	Premier ministre	N.	12+	總理	
首相	shǒuxiàng	Premier ministre	N.	12+		
省长	shěngzhǎng	Préfet, gouverneur	N.	12+	省長	
校长	xiàozhǎng	Directeur (d'école)	N.	12+	校長	
打扮	dǎban	Se maquiller, se parer, se déguiser	V.	12+		
帅	shuài	Beau	Adj.	12+	帥	
好玩	hǎowán	Amusant, intéressant	Adj.	12+		
鼠	shǔ	Rat (zodiaque)		12+		
牛	niú	Boeuf (zodiaque)		12+		
虎	hǔ	Tigre (zodiaque)		12+		
兔	tù	Lièvre (zodiaque)		12+	兔	
龙	lóng	Dragon (zodiaque)		12+	龍	
蛇	shé	Serpent (zodiaque)		12+		
马	mǎ	Cheval (zodiaque)		12+	馬	
羊	yáng	Mouton (zodiaque)		12+		
猴	hóu	Singe (zodiaque)		12+		
鸡	jī	Coq (zodiaque)		12+	鷄	
狗	gǒu	Chien (zodiaque)		12+		
猪	zhū	Porc (zodiaque)		12+	豬	
热	rè	Chaud	Adj.	13	熱	-
天气	tiānqì	Temps	N.	13	天氣	
预报	yùbào	Prévision, prévenir	V & N	13	預報	
听	tīng	Écouter	V.	13	聽	
温度	wēndù	Température	N.	13	溫度	
度	dù	Degré (spécificatif pour la température)	Spec.	13		
家乡	jiāxiāng	Pays natal	N.	13	家鄉	
比	bǐ	Plus...que, moins...que	Prep.	13		
更	gèng	Plus	Adv.	13		
夏天	xiàtiān	Été	N & MT	13		
凉快	liángkuai	Frais	Adj.	13	涼快	
冬天	dōngtiān	Hiver	N & MT	13		
冷	lěng	Froid	Adj.	13		
低	dī	Bas	Adj.	13		
左右	zuǒyòu	Environ, à peu près		13		
暖气	nuǎnqì	Chauffage central	N.	13	暖氣	
暖和	nuǎnhuo	Doux, tempéré	Adj.	13		
一样	yíyàng	Pareil, comme	Adj.	13	一樣	
差不多	chàbuduō	Presque pareil	Adj.	13		
常常	chángcháng	Souvent	Adv.	13		
滑雪	huá xuě	Skier	V.O.	13		
滑	huá	Glisser	V & Adj	13		
雪	xuě	Neige	N.	13		
游泳	yóuyǒng	Nager	V.O.	13		
游	yóu	Nager	V.	13		
春天	chūntiān	Printemps	N & MT	13		
季节	jìjié	Saison	N.	13	季節	
秋天	qiūtiān	Automne	N & MT	13		
下雨	xià yǔ	Pleuvoir	V.O.	13		
雨	yǔ	Pluie	N.	13		
刮风	guā fēng	Faire du vent, il vente	V.O.	13	颳風	
刮	guā	Gratter, racler	V.	13	颳	
风	fēng	Vent	N.	13	風	
极了	jí le	Extrême, extrêmement		13	極了	
枫叶	fēngyè	Feuille d'érable	N.	13	楓葉	
美丽	měilì	Beau	Adj.	13	美麗	
晴天	qíngtiān	Beau temps	N.	13		
多云	duōyún	Nuageux	Adj.	13	多雲	
冰	bīng	Glace	N & Adj	13		
有的时候	yǒude shíhou	Quelque fois		13	有的時候	
有时	yǒushí	Quelque fois		13	有時	
还可以	hái kěyǐ	Indique que la situation n'est pas si mauvaise. Tolérable		13	還可以	
一点儿也不	yìdiǎn'r yě bù	Pas du tout		13	一點兒也不	
很少	hěn shǎo	Rarement		13		
冰天雪地	bīngtiān-xuědì	Un monde de glace et de neige		13+		
四季如春	sìjì-rúchūn	C'est le printemps toute l'année		13+		
四季分明	sìjì-fēnmíng	Les 4 saisons sont bien distinctes		13+		
摄氏	shèshì	Celcius, centigrade	N.	13+	攝氏	
华氏	huáshì	Fahrenheit	N.	13+	華氏	
气温	qìwēn	Température	N.	13+	氣溫	
太阳	tàiyáng	Soleil	N.	13+	太陽	
月亮	yuèliang	Lune	N.	13+		
星星	xīngxing	Étoile	N.	13+		
阴天	yīntiān	Gris, couvert, nuageux	Adj.	13+	陰天	
北方	běifāng	Nord	M.P.	14		-
老家	lǎojiā	Pays natal	N.	14		
东北	dōngběi	Nord-est	M.P.	14	東北	
农村	nóngcūn	Campagne	N.	14	農村	
北边(北面)	běibian (běimiàn)	Au nord	M.P.	14	北邊	
南边(南面)	nánbian (nánmiàn)	Au sud	M.P.	14	南邊	
河 [条]	hé	Rivière	N.	14		
空气	kōngqì	Air	N.	14	空氣	
环境	huánjìng	Environnement	N.	14	環境	
交通	jiāotōng	Transport	N.	14		
方便	fāngbiàn	Commode, pratique	Adj.	14		
一定	yídìng	Sûrement, certainement	Adv.	14		
热闹	rènao	Animé	Adj.	14	熱鬧	
东边(东面)	dōngbian (dōngmiàn)	À l'est	M.P.	14	東邊	
西边(西面)	xībian (xīmiàn)	À l'ouest	M.P.	14	西邊	
车水马龙	chēshuǐ-mǎlóng	Trafic intense	Chengyu	14	車水馬龍	
多(么)	duō(me)	Quel, que	Adv.	14	多(麽)	
吵	chǎo	Faire du bruit, bruyant	V & Adj	14		
死	sǐ	Mourir	V.	14		
东部	dōngbù	Est	M.P.	14	東部	
西部	xībù	Ouest	M.P.	14		
层	céng	Étage	Spec.	14	層	
楼	lóu	Bâtiment, édifice, étage	N & Spec	14	樓	
地下室	dìxiàshì	Sous-sol, cave	N.	14		
车库	chēkù	Garage	N.	14	車庫	
院子	yuànzi	Cour, jardin	N.	14		
树	shù	Arbre	N.	14	樹	
开	kāi	Conduire, ouvrir, allumer	V.	14	開	
需要	xūyào	Avoir besoin	V & N	14		
小时	xiǎoshí	Heure	N.	14	小時	
海	hǎi	La mer	N.	14		
海边	hǎibiān	Au bord de la mer	N.	14	海邊	
晚饭	wǎnfàn	Dîner	N.	14	晚飯	
散步	sàn bù	Se promener, faire une promenade	V.O.	14		
南方	nánfāng	Sud	M.P.	14		
对面	duìmiàn	En face, côté opposé, l'autre coté	Loc.	14	對面	
好什么	hǎo shénme	Pas bien		14	好什麽	
那多好	nà duō hǎo	Que c'est bien !		14		
死了	sǐ le	(Exclamation. Indique le degré élevé)		14		
东方	dōngfāng	Est, orient	N.	14+	東方	
西方	xīfāng	Ouest	N.	14+		
市区	shìqū	Ville, zone urbaine	N.	14+	市區	
郊区	jiāoqū	Banlieue	N.	14+	郊區	
湖	hú	Lac	N.	14+		
草	cǎo	Herbe	N.	14+		
森林	sēnlín	Forêt	N.	14+		
沙漠	shāmò	Désert	N.	14+		
自我	zìwǒ	Soi-même	Pron.	15		-
介绍	jièshào	Présentation; présenter	V & N	15	介紹	
年	nián	Année, an	Spec.	15		
专业	zhuānyè	Spécialité	N.	15	專業	
年级	niánjí	Niveau de scolarité, année	N.	15	年紀	
普通话	Pǔtōng huà	Mandarin		15	普通話	
标准	biāozhǔn	Critère, norme, standard	N & Adj	15	標準	
阅读	yuèdú	Lecture; lire	V & N	15	閲讀	
听力	tīnglì	Capacité d'audition; Compréhension orale	N.	15	聽力	
口语	kǒuyǔ	Langue parlée, pratique orale	N.	15	口語	
写作	xiězuò	Écriture; écrire	V & N	15	寫作	
母语	mǔyǔ	Langue maternelle	N.	15	母語	
外国	wàiguó	Pays étranger	N.	15	外國	
练习	liànxí	Exercice; pratiquer	V & N	15	練習	
清楚	qīngchu	Clair	Adj.	15		
分钟	fēnzhōng	Minute	Spec.	15	分鐘	
听写	tīngxiě	Dictée; dicter	V & N	15	聽寫	
句子	jùzi	Phrase	N.	15		
遍	biàn	(Spécificatif pour la répétition des actions comme lire, parler ou écrire)	Spec.	15		
难	nán	Difficile	Adj.	15	難	
容易	róngyì	Facile	Adj.	15		
开始	kāishǐ	Commencer	V.	15	開始	
句	jù	(Spécificatif pour les phrases)	Spec.	15		
慢	màn	Lent	Adj.	15		
最后	zuìhòu	Finalement, à la fin	Adj.	15	最後	
忘	wàng	Oublier	V.	15		
种	zhǒng	Sorte, genre	Spec.	15	種	
食品	shípǐn	Nourriture, alimentation	N.	15		
努力	nǔlì	Appliqué, assidu	Adj.	15		
糊里糊涂	húlihútu	Embrouillé, confus	Adj.	15	糊里糊塗	
刻钟	kèzhōng	Un quart d'heure	Spec.	15	刻鈡	
互相	hùxiāng	Mutuellement, réciproquement, l'un l'autre	Adv.	15		
谈话	tán huà	Parler	V.O.	15	談話	
考试	kǎo shì	Examen; passer l'examen	V & N	15	考試	
早就	zǎojiù	Il y a longtemps	N.	15		
国语	guóyǔ	Mandarin, langue nationale	N.	15+	國語	
方言	fāngyán	Dialecte	N.	15+		
口音	kǒuyīn	Accent	N.	15+		
翻译	fānyì	Traduction, interprète; traduire	V & N	15+	翻譯	
外语	wàiyǔ	Langue étrangère	N.	15+	外語	
对话	duìhuà	Conversation; dialoguer	V & N	15+	對話	
成绩	chéngjì	Note	N.	15+	成績	
及格	jígé	Passer l'examen, avoir une note passable	V.O.	15+		
学分	xuéfēn	Crédit	N.	15+	學分	
注册	zhùcè	S'inscrire	V.O.	15+	注冊	
通	tōng	Passer, communiquer, réussir	V.	16		-
推迟	tuīchí	Retarder, repousser	V.	16	推遲	
安排	ānpái	Arrangement, arranger	V & N	16		
金融	jīnróng	Finance	N.	16		
贸易	màoyì	Commerce	N.	16	貿易	
市场	shìchǎng	Marché	N.	16	市場	
领导	lǐngdǎo	Directeur, responsable, dirigeant; diriger	V & N	16	領導	
外贸	wàimào	Commerce international	N.	16	外貿	
经理	jīnglǐ	Directeur, manager, gérant, gestionnaire	N.	16	經理	
参加	cānjiā	Participer à	V.	16	參加	
马上	mǎshàng	Tout de suite	Adv.	16	馬上	
传真	chuánzhēn	Télécopie	V & N	16	傳真	
航班	hángbān	Vol	N.	16		
这样	zhèyàng	Comme ça	Pron.	16	這樣	
警察	jǐngchá	Policier, police	N.	16		
怎么回事	zěnme huí shì	Qu'est-ce qui se passe ?		16	怎麽回事	
撞	zhuàng	Heurter, cogner	V.	16		
着	zhe	(Action en cours. Ou terminée mais son résultat dure)	Part.	16	著	
雨衣	yǔyī	Imperméable	N.	16		
雨伞	yǔsǎn	Parapluie	N.	16	雨傘	
手	shǒu	Main	N.	16		
右手	yòushǒu	Main droite	N.	16		
左手	zuǒshǒu	Main gauche	N.	16		
结果	jiéguǒ	Résultat	N.	16	結果	
摔	shuāi	Tomber, jeter	V.	16		
倒	dǎo	Tomber	V.	16		
坏	huài	Mauvais, abîmé	Adj.	16	壞	
破	pò	Endommagé, détérioré, brisé	Adj.	16		
伤	shāng	Blessure, lésion; blesser	V & N	16	傷	
背	bèi	Dos	N.	16		
检查	jiǎnchá	Examiner	V.	16	檢查	
身体	shēntǐ	Corps	N.	16	身體	
修	xiū	Réparer	V.	16		
上班	shàng bān	Aller au bureau, aller au travail	V.O.	16		
发生	fāshēng	Avoir lieu, se passer, se produire	V.	16	發生	
事故	shìgù	Accident	N.	16		
看来	kànlái	Il semblerait que, avoir l'impression que		16	看來	
这样吧	zhèyàng ba	(Implique une proposition de solution après avoir réfléchi sur un problème difficile)		16	這樣吧	
~好，做好，关好	hǎo	(Indique l'accomplissement de l'action ou la perfection du résultat de l'action)		16		
~到，买到，看到	dao	(Indique que l'action a atteint son but jusqu'à un certain point)		16		
看见	kànjian	Avoir vu		16	看見	
听见	tīngjian	Avoir entendu		16	聽見	
接电话	jiē diànhuà	Répondre au téléphone	V.	16+	接電話	
接待	jiēdài	Recevoir (quelqu'un)	V.	16+		
访问	fǎngwèn	Visiter	V.	16+	訪問	
开发区	kāifāqū	Région exploitée récemment	N.	16+	開發區	
合资	hézī	Capitaux mixtes	N.	16+	合資	
企业	qǐyè	Entreprise	N.	16+	企業	
合作	hézuò	Coopération, coopérer	V & N	16+		
投资	tóuzī	Investir	N.	16+	投資	
房子	fángzi	Maison	N.	17		-
出租	chūzū	À louer	V.	17		
房东	fángdōng	Propriétaire	N.	17	房東	
如果	rúguǒ	Si	Conj.	17		
租	zū	Louer	V.	17		
搬	bān	Déplacer	V.	17		
电梯	diàntī	Ascenseur	N.	17	電梯	
累	lèi	Fatigué	Adj.	17		
锻炼	duànliàn	S'exercer, faire des exercices physiques	V.	17	鍛煉	
套	tào	Une série de, un ensemble de	Spec.	17		
台	tái	(Spécificatif pour les machines)	Spec.	17	臺	
电视机 [台]	diànshìjī	Téléviseur	N.	17	電視機	
电冰箱 [台]	diànbīngxiāng	Réfrigérateur	N.	17	電冰箱	
洗衣机 [台]	xǐyījī	Machine à laver	N.	17	洗衣機	
空调 [台]	kōngtiáo	Climatiseur, air conditionné	N.	17	空調	
付	fù	Payer	V.	17		
押金	yājīn	Caution, consigne	N.	17		
合同	hétong	Contrat	N.	17		
带	dài	Apporter, amener, emmener	V.	17	帶	
生气	shēng qì	Être en colère, être fâché	V.O.	17	生氣	
不像话	bú xiànghuà	Irrationnel, choquant		17	不像話	
回答	huídá	Répondre	V.	17		
拆	chāi	Défaire, démonter	V.	17		
师傅	shīfu	Maître, ouvrier spécialisé	N.	17	師傅	
旧	jiù	Ancien, vieux	Adj.	17	舊	
办法	bànfǎ	Méthode, moyen	N.	17	辦法	
只好	zhǐhǎo	Être obligé de	Adv.	17		
装	zhuāng	Installer	V.	17	裝	
一……就……	yī…jiù…	Une fois que..., dès que (la 2è action est inévitable dès que la 1ère action s'est produite)		17		
电器	diànqì	Appareil électrique	N.	17	電器	
公寓	gōngyù	Immeuble divisé en appartements	N.	17		
卫生间	wèishēngjiān	Toilettes	N.	17	衛生間	
厨房	chúfáng	Cuisine	N.	17		
好几天	hǎojǐtiān	Plusieurs jours		17	好幾天	
不好意思	bù hǎo yìsi	Embarrassé, désolé		17		
同屋	tóngwū	Camarade de chambre	N.	17+		
洗	xǐ	Laver	V.	17+		
机器	jīqì	Machine	N.	17+	機器	
签	qiān	Signer	V.	17+	簽	
份	fèn	(Spécificatif pour les documents ou plats)	Spec.	17+		
卧室	wòshì	Chambre à coucher	N.	17+	臥室	
客厅	kètīng	Salon	N.	17+	客廳	
场	chǎng	(Spécificatif pour les séances de cinéma, opéra, match ou pour la pluie)	Spec.	18	場	-
京剧 [场]	jīngjù	Opéra de Pékin	N.	18	京劇	
懂	dǒng	Comprendre	V.	18		
武打戏	wǔdǎ xì	Drame de combat acrobatique		18	武打戲	
武打	wǔdǎ	Combat acrobatique	N.	18	武打	
戏	xì	Drame	N.	18	戲	
演员	yǎnyuán	Acteur	N.	18	演員	
报纸 [张]	bàozhǐ	Journal	N.	18	報紙	
挺	tǐng	Très	Adv.	18		
有名	yǒumíng	Célèbre	Adj.	18		
最好	zuìhǎo	Il vaut mieux	Adv.	18		
座位	zuòwèi	Siège	N.	18		
眼睛	yǎnjing	Oeil	N.	18		
放心	fàng xīn	Ne pas s'inquiéter, être tranquille, avoir l'esprit tranquille	V.O.	18		
出发	chūfā	Partir	V.	18	出發	
赶	gǎn	Rattraper, se presser	V.	18	趕	
赶得到	gǎn-de-dào	Arriver à temps		18	趕得到	
出租车	chūzūchē	Taxi	N.	18	出租車	
堵车	dǔ chē	Embouteillage	V.O.	18	堵車	
连……都/也……	lián…dōu/yě…	Même, même si		18	連	
话	huà	Parole	N.	18	話	
爬	pá	Grimper	V.	18		
动	dòng	Bouger	V.	18	動	
水	shuǐ	Eau	N.	18		
山顶	shāndǐng	Sommet de montagne	N.	18	山頂	
才	cái	Seulement (placé devant les mots qui indiquent le temps, l'âge ou la quantité)	Adv.	18	纔	
平时	píngshí	En général, en temps ordinaire	N.	18	平時	
运动	yùndòng	Exercice physique, mouvement	N.	18	運動	
懒	lǎn	Paresseux	Adj.	18	懶	
注意	zhùyì	Faire attention à	V.	18		
建议	jiànyì	Suggestion; suggérer	V & N	18	建議	
跑步	pǎo bù	Courir	V.O.	18		
跑	pǎo	Courir	V.	18		
教	jiāo	Enseigner	V.	18		
太极拳	tàijíquán	Boxe Taiji	N.	18	太極拳	
安静	ānjìng	Calme, tranquille	Adj.	18	安靜	
地	de		Part.	18		
电影 [场]	diànyǐng	Film	N.	18	電影	
杂志 [本]	zázhì	Magazine	N.	18	雜志	
功夫	gōngfu	Gongfu (arts martiaux)	N.	18+		
戏剧	xìjù	Théâtre	N.	18+	戲劇	
水平	shuǐpíng	Niveau	N.	18+		
精彩	jīngcǎi	Excellent, magnifique	Adj.	18+		
结束	jiéshù	Terminer, finir	V.	18+	結束	
景色	jǐngsè	Paysage, scène	N.	18+		
放弃	fàngqì	Abandonner	V.	18+	放棄	
钱包	qiánbāo	Portefeuille	N.	19	錢包	-
丢	diū	Perdre, jeter	V.	19		
刚才	gāngcái	Tout à l'heure	Adv.	19	剛才	
把	bǎ		Prep.	19		
放	fàng	Mettre, placer	V.	19		
糟糕	zāogāo	Mauvais, catastrophe	Adj.	19		
搞	gǎo	Faire	V.	19		
赶快	gǎnkuài	Vite, tout de suite	Adv.	19	趕快	
记得	jìde	Se souvenir, se rappeler	V.	19	記得	
发票	fāpiào	Facture	N.	19	發票	
觉得	juéde	Penser		19	覺得	
没用	méiyòng	Inutile	Adj.	19		
扔	rēng	Jeter	V.	19		
垃圾箱	lājīxiāng	Poubelle	N.	19	垃圾箱	
垃圾	lājī	Déchet, ordure	N.	19		
欧元	ōuyuán	Euro	N.	19	歐元	
司机	sījī	Chauffeur	N.	19	司機	
感谢	gǎnxiè	Remercier	V.	19	感謝	
发现	fāxiàn	Découvrir, trouver	V.	19	發現	
乘客	chéngkè	Passager	N.	19		
它	tā	Il, lui, elle	Pron.	19		
交	jiāo	Donner, remettre	V.	19		
纸	zhǐ	Papier	N.	19	紙	
宾馆	bīnguǎn	Hôtel	N.	19	賓館	
地址	dìzhǐ	Adresse	N.	19		
总台	zǒngtái	Réception, téléphoniste	N.	19	總臺	
转	zhuǎn	Transférer	V.	19	轉	
骂	mà	Injurier, insulter	V.	19	罵	
顿	dùn	(Spécificatif pour les repas, les injures)	Spec.	19	頓	
护照	hùzhào	Passeport	N.	19	護照	
其他	qítā	Autre	Pron.	19		
证件	zhèngjiàn	Document d'identité, papiers	N.	19	證件	
口袋	kǒudài	Poche	N.	19		
记住	jì-zhù	Mémoriser, retenir	V.	19	記住	
诚实	chéngshí	Honnête	Adj.	19	誠實	
怎么搞的	zěnme gǎo de	(Ton de reproche) "Qu'est-ce que tu as fait?"		19	怎麽搞的	
想不起来	xiǎng-bu-qǐlai	Ne pas pouvoir se souvenir		19	想不起來	
可不是	kě bú shì	Oui, bien sûr		19		
卡片	kǎpiàn	Carte, fiche	N.	19+		
名片	míngpiàn	Carte de visite, carte d'affaire	N.	19+		
保存	bǎocún	Garder	V.	19+		
粗心	cūxīn	Négligent, inattentif	Adj.	19+		
心疼	xīnténg	Désoler, affligé	V & Adj	19+		
责怪	zéguài	Reprocher	V.	19+	責怪	
捡	jiǎn	Ramasser	V.	19+	撿	
表扬	biǎoyáng	Faire l'éloge de, louer	V.	19+	表揚	
美元	měiyuán	Dollars	N.	19+		
运气	yùnqi	Chance	N.	20	運氣	-
透	tòu	Entièrement, à fond	Adj.	20		
透了	tòule	Exclamation indiquant un degré très élevé		20		
午饭	wǔfàn	Déjeuner	N.	20	午飯	
取	qǔ	Prendre	V.	20		
够	gòu	Suffisant,assez	Adj.	20	夠	
顺	shùn	Sans difficulté, agréable	Adv & Adj	20	順	
电脑	diànnǎo	Ordinateur	N.	20	電腦	
寄	jì	Envoyer, poster	V.	20		
信	xìn	Lettre	N.	20		
挂号信	guàhàoxìn	Lettre recommandée		20	挂號信	
灯	dēng	Lampe	N.	20	燈	
红绿灯	hónglǜdēng	Les feux		20	紅綠燈	
差点儿	chà diǎnr	Faillir, peu s'en faut	Adv.	20	差點兒	
偷	tōu	Voler	V.	20		
倒霉	dǎoméi	Malchanceux	Adj.	20		
污染	wūrǎn	Pollution, polluer	V & N	20		
严重	yánzhòng	Grave, sérieux	Adj.	20	嚴重	
被	bèi	Par	Prep.	20		
毒	dú	Poison; empoisonner; toxique		20		
变	biàn	Changer, devenir	V.	20	變	
清	qīng	Clair	Adj.	20		
又	yòu	Encore	Adv.	20		
栽	zāi	Planter	V.	20		
砍	kǎn	Couper, abattre	V.	20		
政府	zhèngfǔ	Gouvernement	N.	20		
随便	suíbiàn	Libre, sans façon	Adj.	20	隨便	
草地	cǎodì	Pelouse, gazon	N.	20		
好像	hǎoxiàng	Il paraît, il semble	Adv.	20		
各种	gè zhǒng	Toutes sortes de		20	各種	
小吃	xiǎochī	Amuse-gueule, collation	N.	20		
掉	diào	Perdre, tomber	V.	20		
掉了	diàole	Utilisé comme un complément indique que quelque chose n'est plus là		20		
可惜	kěxī	C'est dommage	Adj.	20		
味道	wèidào	Goût, saveur	N.	20		
小心	xiǎoxīn	Vigilant, attentif	Adj.	20		
保护	bǎohù	Protéger	V.	20	保護	
街	jiē	Rue, boulevard	N.	20+		
封	fēng	Spécificatif pour les lettres	Spec.	20+		
收到	shōudào	Recevoir	V.	20+		
幸运	xìngyùn	Chanceux	Adj.	20+	幸運	
治理	zhìlǐ	Administrer, gérer	V.	20+		
建设	jiànshè	Contruction; construire	V & N	20+	建設	
发展	fāzhǎn	Développement; développer	V & N	20+	發展	
改善	gǎishàn	Améliorer	V.	20+		
熊猫	xióngmāo	Panda	N.	21	熊貓	-
尾巴	wěiba	Queue	N.	21		
睡懒觉	shuì lǎn jiào	Faire la grasse matinée		21	睡懶覺	
开夜车	kāi yèchē	Travailler tard dans la nuit		21	開夜車	
夜	yè	Nuit	N.	21		
竹子	zhúzi	Bambou	N.	21		
汉堡包	hànbǎobāo	Hamburger	N.	21	漢堡包	
生活	shēnghuó	Vie; vivre	V & N	21		
省	shěng	Province	N.	21		
教堂	jiàotáng	Église	N.	21		
婚礼	hūnlǐ	Noce	N.	21	婚禮	
入乡随俗	rùxiāng-suísú	Il faut vivre à Rome comme les Romains	Chengyu	21	入鄉隨俗	
新娘	xīnniáng	La mariée	N.	21		
毕业	bìyè	Obtenir son diplôme; terminer ses études	V.O.	21	畢業	
新郎	xīnláng	Le marié	N.	21		
同事	tóngshì	Collègue	N.	21		
俩	liǎ	Deux	Spec.	21	倆	
谈恋爱	tán liàn'ài	Être amoureux		21	談戀愛	
成	chéng	Réussir	V.	21		
同意	tóngyì	Être d'accord, approuver	V.	21		
怕	pà	Avoir peur de	V.	21		
过不惯	guò-bu-guàn	Ne pas être habitué		21	過不慣	
原因	yuányīn	Raison, cause	N.	21		
吵架	chǎo jià	Se disputer, s'engueuler	V.O.	21		
岂有此理	qǐyǒucǐlǐ	Quelle absurdité !		21	豈有此理	
后来	hòulái	Après, plus tard	Adv.	21	後來	
脾气	píqi	Tempérament, caractère	N.	21	脾氣	
认真	rènzhēn	Sérieux, consciencieux	Adj.	21	認真	
感情	gǎnqíng	Émotion, sentiment, affection	N.	21		
确实	quèshí	Vraiment; Vrai, réel	Adv & Adj	21	確實	
反对	fǎnduì	S'opposer, être contre	V.	21	反對	
醉	zuì	Être ivre	V.	21		
交杯酒	jiāobēijiǔ	Un verre de vin nuptial, (boire du vin en croisant les verres)	N.	21		
红叶 [片]	hóngyè	Feuille rouge (Ex. feuille d'érable)	N.	3-1	紅葉	-
著名	zhùmíng	Célèbre, connu	Adj.	3-1		
当	dàng	Jouer un rôle comme, considérer comme, prendre pour	V.	3-1	當	
书签	shūqiān	Marque-page	N.	3-1	書籤書簽	
弄	nòng	Faire, aménager	V.	3-1		
到处	dàochù	Partout	Adv.	3-1	到處	
国旗 [面]	guóqí	Drapeau national	N.	3-1	國旗	
美	měi	Beau, joli	Adj.	3-1		
难怪	nánguài	Sans surprise, il n'est pas étonnant que	Adv.	3-1	難怪	
之	zhī	(Particule classique, souvent utilisée pour marquer la possession)	Part.	3-1		
枫叶之国	fēngyè zhī guó	Un pays de feuilles d'érable		3-1	楓葉之國	
象征	xiàngzhēng	Symbole; symboliser	V & N	3-1	象徵	
一共	yígòng	Au total; en tout	Adv.	3-1		
角	jiǎo	Coin, angle	N.	3-1		
把(我)问住了	bǎ wǒ wènzhù le	"Je ne sais pas quoi/comment répondre" (La personne questionnée ne sait pas répondre à la question ou ne sait pas comment répondre)		3-1	把我問住了	
当做	dàngzuò	Traiter comme, considérer comme	V.	3-1	當做	
从来	cónglái	Depuis toujours	Adv.	3-1	從來	
唯一	wéiyī	Seul, unique	Adj.	3-1		
捧	pěng	Tenir quelque chose dans les deux mains	V.	3-1		
摘	zhāi	Cueillir	V.	3-1		
像	xiàng	Ressembler	V.	3-1		
心 [颗]	xīn	Coeur	N.	3-1		
收	shōu	Recevoir, accepter	V.	3-1		
感动	gǎndòng	Émouvoir, être touché; ému	V & Adj	3-1	感動	
流	liú	Couler	V.	3-1		
眼泪	yǎnlèi	Larmes	N.	3-1	眼淚	
笑话	xiàohua	Blague; rigoler	V & N	3-1	笑話	
小气	xiǎoqì	Avare, mesquin	Adj.	3-1	小氣	
舍不得	shěbude	Ne pas vouloir, être réticent		3-1	捨不得	
花	huā	Dépenser	V.	3-1		
爱情	àiqíng	Amour, affection	N.	3-1	愛情	
表达	biǎodá	Exprimer	V.	3-1	表達	
重要	zhòngyào	Important	Adj.	3-1		
爱	ài	Aimer	V.	3-1	愛	
颗	kē	(Spécificatif pour les choses petites et rondes)	Spec.	3-1	顆	
爱惜	àixī	Chérir	V.	3-1	愛惜	
生怕	shēngpà	De peur que	Adv.	3-1		
香山	Xiāng Shān	La Colline parfumée (banlieue de Beijing, connue pour ses feuilles rouges d'automne)	N.	3-1		
圆	yuán	Rond (adj); un rond	N & Adj	3-1	圓	
看上去	kànshangqu	(Exprime une impression ou un jugement venant de son observation)		3-1		
红豆	hóngdòu	Haricot rouge, "Haricot d'amour"	N.	3-1+	紅豆	
相思	xiāngsī	Être amoureux, être épris l'un de l'autre	V.	3-1+		
诗	shī	Poème	N.	3-1+	詩	
希望	xīwàng	Espérer, souhaiter; espoir, souhait	V & N	3-1+		
采	cǎi	Cueillir	V.	3-1+	採	
种子	zhǒngzi	Semence	N.	3-1+	種子	
古代	gǔdài	Ancien temps, antiquité, jadis	N.	3-1+		
恋人	liànrén	Amoureux	N.	3-1+	戀人	
萝卜	luóbo	Radis, navet	N.	3-2	蘿蔔	-
晚会	wǎnhuì	Soirée	N.	3-2	晚會	
侄儿	zhí'ér	Neveu (côté parternel)	N.	3-2	姪兒	
周岁	zhōusuì	Un an de vie, premier anniversaire	N.	3-2	周歲	
全	quán	Total, complet	Adj.	3-2		
亲戚	qīnqi	Parents, relation	N.	3-2	親戚	
祝贺	zhùhè	Féliciter	V.	3-2	祝賀	
夸	kuā	Louer, apprécier	V.	3-2	誇	
主角	zhǔjué	Rôle principal, héros	N.	3-2		
表演	biǎoyǎn	Présentation; présenter, jouer un spectacle	V & N	3-2		
节目	jiémù	Numéro (d'un programme)	N.	3-2	節目	
大人	dàrén	Adulte	N.	3-2		
面前	miànqián	Devant	N.	3-2		
抓	zhuā	Prendre, ramasser	V.	3-2		
将来	jiānglái	Dans l'avenir; futur	M.T.	3-2	將來	
抓周	zhuāzhōu	Cérémonie de ramassage du premier anniversaire	N.	3-2		
有关	yǒuguān	Concerner	V.	3-2	有關	
巧克力 [盒块]	qiǎokèlì	Chocolat	N.	3-2		
小家伙	xiǎojiāhuo	Petit garçon	N.	3-2	小傢伙	
本来	běnlái	À l'origine	Adv.	3-2	本來	
举行	jǔxíng	Tenir, avoir lieu	V.	3-2	舉行	
仪式	yíshì	Cérémonie, rite	N.	3-2	儀式	
高级	gāojí	Niveau supérieur	Adj.	3-2	高級	
长	zhǎng	Grandir, pousser	V.	3-2	長	
样子	yàngzi	Apparence, manière, air	N.	3-2	樣子	
聪明	cōngming	Intelligent	Adj.	3-2	聰明	
活泼	huópō	Vivant	Adj.	3-2	活潑	
红包	hóngbāo	Enveloppe rouge (dans lequel on met de l'argent pour donner à quelqu'un)	N.	3-2	紅包	
盒	hé	Boîte	Spec.	3-2		
轻	qīng	Léger	Adj.	3-2	輕	
情义	qíngyì	Affection	N.	3-2	情義	
重	zhòng	Lourd; profond; sérieux	Adj.	3-2		
桌子	zhuōzi	Table; bureau	N.	3-2		
玩具	wánjù	Jouet	N.	3-2		
手枪	shǒuqiāng	Pistolet	N.	3-2	手槍	
口红	kǒuhóng	Rouge à lèvres	N.	3-2	口紅	
摸	mō	Toucher, caresser	V.	3-2		
竟然	jìngrán	En fait, de manière inattendue	Adv.	3-2		
对了	duì le	(Indique que l'orateur se souvient tout d'un coup de quelque chose. Souvent utilisée dans la langue parlée pour changer de conversation)		3-2		
千里送鹅毛，礼轻情义重	qiānlǐ sòng émáo，lǐqīng qíngyì zhòng	Le cadeau peut être léger comme une plume d'oie, mais venu de loin il donne une profonde émotion		3-2		
一岁看到大	yí suì kàndào dà	On peut prévoir le caractère d'une personne adulte à partir de ses comportements d'enfance		3-2		
花心萝卜	huāxīn luóbo	Désigne un homme infidèle ou un coureur de jupons [Litt. Radis au coeur fleuri]		3-2		
习惯 [个种]	xíguàn	Coutume, habitude; s'habituer à, avoir l'habitude de	V & N	3-2+	習慣	
请帖	qǐngtiě	Invitation	N.	3-2+	請帖	
俗话	súhuà	Dicton, proverbe	N.	3-2+	俗話	
鹅毛	é'máo	Plume d'oie	N.	3-2+	鵝毛	
高价	gāojià	D'un prix élevé, cher	N.	3-2+	高價	
过不去	guòbuqù	Être dur avec quelqu'un, se montrer exigeant		3-3	過不去	-
帮	bāng	Aider, assister	V.	3-3	幫	
帮忙	bāngmáng	Aider, assister	V.O.	3-3	幫忙	
读	dú	Lire	V.	3-3	讀	
篇	piān	(Spécificatif pour un article ou un texte)	Spec.	3-3		
课文 [篇]	kèwén	Texte	N.	3-3	課文	
录	lù	Enregistrer	V.	3-3	錄	
一边 [一边…，一边…]	yìbiān… yìbiān…	En même temps que, simultanément		3-3	一邊	
而且	érqiě	De plus, mais aussi	Conj.	3-3		
地道	dìdao	Authentique, typique, pur, véritable; excellent	Adj.	3-3		
主持人	zhǔchírén	Président (d'une cérémonie ou un banquet), présentateur de TV	N.	3-3		
既…，又…	jì…，yòu…	Tant...que, aussi bien que, non seulement..., mais encore		3-3		
奇怪	qíguài	Étrange, étonnant, bizarre	Adj.	3-3		
爷爷	yéye	Grand père (côté paternel), papi	N.	3-3	爺爺	
移民	yímín	Immigré; immigrer	V & N	3-3		
提出	tíchū	Présenter, proposer	V.	3-3		
申请	shēnqǐng	Demande; demander, adresser une requête	V & N	3-3	申請	
移民局	yímínjú	Bureau d'immigration	N.	3-3		
批准	pīzhǔn	Approuver, ratifier	V.	3-3	批準	
总是	zǒngshì	Toujours	Adv.	3-3	總是	
生	shēng	Naître, donner naissance à	V.	3-3		
实话	shíhuà	La vérité	N.	3-3	實話	
情况	qíngkuàng	Situation, condition, circonstances	N.	3-3	情況	
简单	jiǎndān	Simple	Adj.	3-3	簡單	
祖先	zǔxiān	Ancêtres, aïeux	N.	3-3		
世界	shìjiè	Monde	N.	3-3		
正常	zhèngcháng	Normal, régulier	Adj.	3-3		
也许	yěxǔ	Peut-être, probablement	Adv.	3-3	也許	
其实	qíshí	En réalité, en fait, au fond	Adv.	3-3	其實	
基本	jīběn	Fondamental, élémentaire	Adj.	3-3		
说不定	shuōbudìng	Peut-être, probablement, difficile à dire		3-3	説不定	
变成	biànchéng	Devenir, transformer	V.	3-3	變成	
意大利	Yìdàlì	Italie	NP	3-3		
魁北克	Kuíběikè	Québec	NP	3-3		
着呢	zhene	Dans la langue parlée, est placé après un adjectif pour accentuer un ton de persuation		3-3	著呢	
说实话	shuō shíhuà	Dire la vérité		3-3	説實話	
说实在话	shuō shízài huà	Dire la vérité		3-3	説實在話	
说老实话	shuō lǎo shíhuà	Dire la vérité		3-3	説老實話	
从前	cóngqián	Autrefois, auparavant, jadis	M.T.	3-3+	從前	
邯郸	Hándān	Capital du Royaume Zhao pendant la période des Royaumes combattants de la Chine	NP	3-3+	邯鄲	
球赛	qiúsài	Match (d'un jeu de balle)	N.	3-4	球賽	-
转播	zhuǎnbō	Transmettre (radio ou TV)	V.	3-4	轉播	
比赛	bǐsài	Match, compértition; faire un match, disputer un match	V & N	3-4	比賽	
原来	yuánlái	D'origine; original	Adv & Adj	3-4	原來	
球队	qiúduì	Équipe	N.	3-4	球隊	
球星	qiúxīng	Vedette, joueur célèbre	N.	3-4		
老	lǎo	Ancien, vieux	Adj.	3-4		
迷	mí	Fou de quelque chose, être fasciné par; fan, fanatique	V & Suff	3-4		
只要 [...，就...]	zhǐyào (jiù)	À condition que, pourvu que	Conj.	3-4		
难道	nándào	Serait-il possible que ... ? Se pourrait-il que ... ?	Adj.	3-4	難道	
普通	pǔtōng	Commun, ordinaire	Adj.	3-4		
比如	bǐrú	Par exemple, supposons que		3-4		
不管 [...，都...]	bùguǎn	Malgré, en dépit de, n'importe	Conj.	3-4		
发明	fāmíng	Invention; inventer	V & N	3-4	發明	
留学	liú xué	Étudier à l'étranger	V.O.	3-4	留學	
为了	wèile	Afin de, pour, en vue de	Prep.	3-4	爲了	
完成	wánchéng	Accomplir, terminer	V.	3-4		
体育	tǐyù	Éducation physique, sport	N.	3-4	體育	
作业	zuòyè	Travail à la maison	N.	3-4	作業	
久	jiǔ	Long, longtemps	Adj.	3-4		
联系	liánxì	Contacter, communiquer avec	V.	3-4	聯係	
老是	lǎoshì	Toujours	Adv.	3-4		
愿意	yuànyì	Vouloir, être prêt à faire quelque chose, désirer	V.	3-4	願意	
拒绝	jùjué	Refuser, décliner	V.	3-4	拒絕	
经常	jīngcháng	Souvent	Adv.	3-4	經常	
青菜	qīngcài	Légumes verts	N.	3-4		
爱好 [个种]	àihào	Intérêt, passion; adorer, passionner	V & N	3-4	愛好	
球场	qiúchǎng	Terrain (de jeu)	N.	3-4	球場	
偶尔	ǒu'ěr	Parfois	Adv.	3-4	偶爾	
原来是这样	yuánlái shì zhèyàng	"C'est pour ça !" (Indique une découverte, une compréhension ou une réalisation soudaine d'une circonstance inconnue précédemment)		3-4		
萝卜青菜，各有所爱	luóbo qīngcài，gè yǒu suǒ ài	Chacun ses goûts		3-4		
玩儿不到一起去	wán'r bú dào yìqǐ qù	(Signifie qu'ils ne s'intéressent pas aux mêmes jeux)		3-4		
不是 [...吗？]	búshì … ma ？	(Souligne le sens affirmatif et attire l'attention de l'interlocuteur. Quelque fois cela comporte un accent de surprise ou de mécontentement)		3-4		
有什么 [...的？]	yǒu shénme … de？	(Indique un ton négatif fort, d'habitude suivi par une expression adjective)		3-4		
能不 [...吗？]	néngbù … ma？	Signifie 当然... Exprime une certitude ou l'impossibilité d'une action négative ou d'un été négatif 		3-4		
能学得好吗	néng xué de hǎo ma？	能+V+得+Compl+吗 = V+不+Compl = 学不好		3-4		
假	jiǎ	Faux, erroné	Adj.	3-4+		
连续剧	liánxùjù	Feulleton, série	N.	3-4+	連續劇	
娱乐	yúlè	Amusement, divertissement	N.	3-4+	娛樂	
周末	zhōumò	Week-end	N.	3-4+	週末	
抢	qiǎng	Disputer qch à qn., prendre de force	V.	3-4+	搶	
遥控器	yáokòngqì	Télécommande	N.	3-4+		
着	zháo	Réussir à faire qqch. (placé après un verbe pour indiquer l'accomplissement ou le résultat d'une action)		3-5	著	-
收拾	shōushi	Mettre en ordre, arranger	V.	3-5		
行李 [件]	xíngli	Bagage	N.	3-5		
毛巾 [条]	máojīn	Serviette	N.	3-5		
牙膏 [支]	yágāo	Dentifrice	N.	3-5		
卫生纸	wèishēngzhǐ	Papier toilette	N.	3-5	衛生紙	
包	bāo	Sac	N.	3-5		
装	zhuāng	Charger, contenir, monter, emballer	V.	3-5	裝	
了	liǎo	Utilisé après un verbes plus 得 ou 不 pour indiquer un résultat éventuel positif ou négatif		3-5		
根本	gēnběn	Base; radicalement; fondamental	N Adv Adj	3-5		
准备	zhǔnbèi	Préparation; préparer	V & N	3-5	準備	
之类 [～之类]	zhīlèi	Comme		3-5	之類	
日用品	rìyòngpǐn	Objets d'usage quotidien	N.	3-5		
牙刷 [把支]	yáshuā	Brosse à dents	N.	3-5		
名牌	míngpái	Marque	N.	3-5		
发达	fādá	Développé	Adj.	3-5	發達	
包括	bāokuò	Inclure, comprendre	V.	3-5		
除非	chúfēi	À moins que	Conj.	3-5		
商场	shāngchǎng	Grand magasin	N.	3-5	商場	
要看	yàokàn	Cela dépend de...		3-5		
有的是	yǒu de shì	Signifie qu'il y en a beaucoup, comporte un ton d'exagération		3-5		
多的是	duō de shì	Signifie qu'il y en a beaucoup, comporte un ton d'exagération		3-5		
得了	deliǎo	(Précédé d'un verbe) Indique la capacité ou la possibilité d'accomplir une action		3-5		
不了	buliǎo	(Précédé d'un verbe) Indique l'incapacité ou l'impossibilité d'accomplir une action		3-5		
得着	dezháo	(Précédé d'un verbe) Indique la possibilité d'accomplir une action (着~=到)		3-5		
不着	buzháo	(Précédé d'un verbe) Indique l'impossibilité d'accomplir une action (着~=到)		3-5		
想念	xiǎngniàn	Manquer, se souvenir avec nostalgie	V.	3-5		
趟	tàng	(Spécificatif pour la fréquence (nombre de fois))	Spec.	3-5		
自从	zìcóng	Depuis	Prep.	3-5	自從	
神奇	shénqí	Magique, miraculeux	Adj.	3-5		
于是	yúshì	Donc, ensuite, alors	Conj.	3-5	於是	
飞	fēi	Voler	V.	3-5	飛	
的确	díquè	Vraiment, en effet	Adv.	3-5	的確	
感觉	gǎnjué	Sentiment, impression; sentir, éprouver	V & N	3-5	感覺	
一辈子	yíbèizi	Toute la vie	N.	3-5	一輩子	
真正	zhēnzhèng	Vraiment, véritablement; vrai, véritable, authentique	Adv & Adj	3-5		
了解	liǎojiě	Compréhension, connaissance; comprendre, connaître	V & N	3-5	瞭解	
气候	qìhòu	Climat, temps	N.	3-5	氣候	
受不了	shòubuliǎo	Intolérable, insupportable		3-5		
特殊	tèshū	Spécial, particulier, exceptionnel	Adj.	3-5		
实在	shízài	En fait, en réalité; honnête, sûr	Adv & Adj	3-5	實在	
直	zhí	Droit	Adj.	3-5		
天坛	Tiān Tán	Temple du ciel		3-5	天壇	
多么多么	duōme duōme	Suivi d'un adjectif : 非常 + Adj. Exprime la façon dont on ne cesse de raconter ou de décrire quelque chose		3-5		
找不着北	zhǎobuzháo běi	Se perdre. Ne pas savoir quoi faire		3-5		
主人	zhǔrén	Mâitre, hôte	N.	3-5+		
饱	bǎo	Repu, manger à satiété	Adj.	3-5+	飽	
点菜	diǎn cài	Commander des plats	V.O.	3-5+	點菜	
兜	dōu	Emballer, faire un ballot	V.	3-5+		
打包	dǎ bāo	Faire un paquet, emballer le reste des plats dans un restaurant pour les emporter	V.O.	3-5+		
耐心	nàixīn	Patience; patient	N & Adj	3-6		-
方面	fāngmiàn	Aspect, domaine	N.	3-6		
聊	liáo	Bavarder, dialoguer	V.	3-6		
费	fèi	Frais, charges	N.	3-6	費	
软件	ruǎnjiàn	Logiciel	N.	3-6	軟件	
明显	míngxiǎn	Clair, évident	Adj.	3-6	明顯	
十分	shífēn	Très, extrêmement	Adv.	3-6		
宝贝	bǎobèi	Trésor	N.	3-6	寶貝	
虽然	suīrán	Malgré, bien que	Conj.	3-6	雖然	
相信	xiāngxìn	Croire	V.	3-6		
面积	miànjī	Superficie	N.	3-6	面積	
总共	zǒnggòng	Au total	Adv.	3-6	總共	
分之 […分之…]	fēnzhī	Fraction		3-6		
其中	qízhōng	Parmi	N.	3-6		
百分之	bǎifēnzhī	Pourcentage		3-6		
人口	rénkǒu	Population	N.	3-6		
大约	dàyuē	Environ	Adv.	3-6	大約	
人山人海	rén shān rén hǎi	Une véritable marée humaine, un monde fou	Chengyu	3-6		
景象 [种]	jǐngxiàng	Scène, spectacle	N.	3-6		
为	wèi	Pour, afin de	Prep.	3-6	為	
顾客	gùkè	Client	N.	3-6	顧客	
赚	zhuàn	Gagner	V.	3-6	賺	
热情	rèqíng	Enthousiaste, zélé, chaleureux	Adj.	3-6	熱情	
碰	pèng	Toucher, heurter	V.	3-6		
碰见	pèngjiàn	Rencontrer qqn		3-6	碰見	
几乎	jīhū	Presque; faillir	Adv.	3-6	幾乎	
吃惊	chī jīng	Être surpris, s'étonner	V.O.	3-6	吃驚	
职业	zhíyè	Profession, métier	N.	3-6	職業	
轻松	qīngsōng	Léger, facile, relaxé, détendu	Adj.	3-6	輕鬆	
翻	fān	Tourner; doubler; farfouiller; traduire	V.	3-6		
打牌	dǎ pái	Jouer aux cartes	V.O.	3-6		
下棋	xià qí	Jouer aux échecs	V.O.	3-6		
签证	qiānzhèng	Visa	N.	3-6	簽證	
导游	dǎoyóu	Guide touristique; guider	V & N	3-6	導游	
健康	jiànkāng	Santé; sain, fort	Adj.	3-6		
万事如意	wànshì rú yì	Tout va comme on veut	Chengyu	3-6	萬事如意	
好好儿	hǎohāor	Avec soin, attentivement; s'appliquer à faire qch		3-6	好好兒	
排队	pái duì	Faire la queue	V.O.	3-6+	排隊	
挤	jǐ	Pousser, pénétrer, entrer en se bousculant	V.	3-6+	擠	
高峰	gāofēng	Heure de pointe	N.	3-6+		
站台	zhàntái	Quai	N.	3-6+	站臺	
月份	yuèfèn	Mois	N.	3-7		-
决定	juédìng	Décision; décider	V & N	3-7	決定	
主意	zhǔyì	Idée, plan	N.	3-7		
坚持	jiānchí	Persister, s'obstiner	V.	3-7	堅持	
讲究	jiǎngjiu	Recherché, attentif; mettre accent sur; exquis, de bon goût	N V Adj	3-7	講究	
幸福	xìngfú	Bonheur; heureux	N & Adj	3-7		
开玩笑	kāi wánxiào	Plaisanter		3-7	開玩笑	
玩笑	wánxiào	Plaisanterie	N.	3-7		
名人	míngrén	Personnage célèbre, célébrité	N.	3-7		
提	tí	Mentionner	V.	3-7		
去世	qùshì	Mourir, décéder	V.	3-7		
非…不可	fēi…bù kě	Il faut [Litt: Ne pas faire ... ce n'est pas bien]		3-7		
吓	xià	Faire peur	V.	3-7	嚇	
上帝	shàngdì	Dieu	N.	3-7		
伟大	wěidà	Grand	Adj.	3-7	偉大	
取	qǔ	Prendre, adopter	V.	3-7		
一般	yìbān	En général; commun, ordinaire	Adv & Adj	3-7		
出息	chūxi	Promesse, bel avenir	N.	3-7		
首先	shǒuxiān	Premièrement, d'abord, avant tout	Adv.	3-7		
顺口	shùnkǒu	Qui se lit couramment	Adj.	3-7	順口	
顺耳	shùn'ěr	Agréable à entendre	Adj.	3-7	順耳	
响亮	xiǎngliàng	Fort et clair, qui sonne bien	Adj.	3-7	響亮	
除了	chúle	Sauf, excepté	Prep.	3-7		
同	tóng	Similaire, même	Adj.	3-7		
根据	gēnjù	Selon, d'après	Prep.	3-7	根據	
统计	tǒngjì	Statistique; compter	V & N	3-7	統計	
光	guāng	Seulement	Adv.	3-7		
有些	yǒuxiē	Un peu	Pron.	3-7		
儿子	érzi	Fils	N.	3-7	兒子	
稀奇古怪	xīqí gǔguài	Rare et étrange, bizarre		3-7		
查	chá	Vérifier, consulter	V.	3-7		
认为	rènwéi	Penser, croire	V.	3-7	認爲	
怪	guài	S'en prendre à, blâmer	V.	3-7		
毛泽东	Máo Zédōng	Mao Zedong		3-7	毛澤東	
邓小平	Dèng Xiǎopíng	Deng Xiaoping		3-7	鄧小平	
要说	yàoshuō	(Utilisé en début de phrase pour introduire le sujet de la conversation)		3-7	要説	
说起	shuō qǐ	(Utilisé en début de phrase pour introduire le sujet de la conversation)		3-7	説起	
说到	shuō dào	(Utilisé en début de phrase pour introduire le sujet de la conversation)		3-7	説到	
什么的	shenme de	Ainsi de suite, etc. (En fin phrase, indiquant une énumération, ton neutre)		3-7	什麽的	
上	shang	(Réalisation, accomplissement d'un but, commencement d'une action, situation)		3-7		
下去	xiàqu	Continuer de (Indique la continuité, persistance d'une action)		3-7		
起来	qǐlái	(Commencer à; Mouvement d'une action de bas en haut; Faire une action et se rendre compte de qch)		3-7	起來	
出来	chūlái	(Changement de situation du néant à l'existence; Apparition de qch qui n'était pas là auparavant; Réussir qch)		3-7	出來	
想出来	xiǎng chūlái	Trouver qch (ex: une idée)		3-7	想出來	
想不出来	xiǎng bu chūlái	Ne pas y avoir pensé		3-7	想不出來	
小名儿	xiǎomíngr	Petit nom pour un enfant, nom d'enfance	N.	3-7+	小名兒	
大名儿	dàmíngr	Nom formel	N.	3-7+	大名兒	
富贵有余	fùguì yǒu yú	Excédent de richesse et d'honneur		3-7+	富貴有餘	
家庭	jiātíng	Famille	N.	3-7+		
故事	gùshi	Histoire, conte	N.	3-8		-
划船	huá chuán	Faire du bateau	V.O.	3-8		
龙舟	lóngzhōu	Bateau-Dragon	N.	3-8	龍舟	
前后	qiánhòu	Environ, aux alentours de		3-8	前後	
纪念	jìniàn	Commémorer	V.	3-8	紀念	
诗人	shīrén	Poète	N.	3-8	詩人	
关心	guānxīn	Soin; se soucier de	V & N	3-8	關心	
国王	guówáng	Roi	N.	3-8	國王	
伤心	shāngxīn	Triste, affligé	Adj.	3-8	傷心	
自杀	zìshā	Se suicider	V.	3-8	自殺	
当时	dāngshí	Alors, à ce moment-là	Adv.	3-8	當時	
救	jiù	Sauver, prêter secours	V.	3-8		
向	xiàng	Vers	Prep.	3-8		
粽子	zòngzi	Gâteau de riz en forme de pyramide (enveloppé dans des feuilles de bambou ou de roseau que l'on mange pendant la fête Duanwu)	N.	3-8		
小伙子	xiǎohuǒzi	Garçon, jeune homme	N.	3-8		
路过	lùguò	Passer par	V.	3-8	路過	
突然	tūrán	Soudain, tout d'un coup	Adj.	3-8		
姑娘	gūniang	Jeune fille	N.	3-8		
行为 [种]	xíngwéi	Action, comportement, conduite	N.	3-8	行爲	
结婚	jié hūn	Se marier	V.O.	3-8	結婚	
和尚	héshang	Moine, bonze	N.	3-8		
偷偷	tōutōu	En cachette	Adv.	3-8		
妻子	qīzi	Femme, épouse	N.	3-8		
蛇	shé	Serpent	N.	3-8		
劝	quàn	Persuader, conseiller	V.	3-8	勸	
按照	ànzhào	Selon	Prep.	3-8		
躺	tǎng	Se coucher	V.	3-8		
躲	duǒ	Se cacher	V.	3-8		
丈夫	zhàngfu	Mari	N.	3-8		
打	dǎ	Frapper, battre	V.	3-8		
对手	duìshǒu	Adversaire	N.	3-8	對手	
压	yā	Presser, écraser	V.	3-8	壓	
改编	gǎibiān	Adapter, réécrire	V.	3-8	改編	
说好	shuōhǎo	Se rapporte à un arrangement dans lequel les deux parties sont d'accord sur la manière et le moment de faire quelque chose.		3-8	説好	
端午节	Duānwǔ jié	Fête des Dragon Boat		3-8	端午節	
屈原	Qū Yuán	Qu Yuan		3-8		
杭州	Hángzhōu	Hangzhou (Ville de la province de 浙江)		3-8		
许仙	Xǔ Xiān	(Personnage de fiction 白蛇传) Xu Xian		3-8	許仙	
西湖	Xī Hú	Lac de l'Ouest		3-8		
法海	Fǎhǎi	(Personnage de fiction 白蛇传) Fahai		3-8		
金山寺	Jīnshān sì	Temple Jinshan		3-8		
雷峰塔	Léifēng Tǎ	Pagode Leifeng		3-8		
白蛇传	Báishé Zhuàn	Histoire du Serpent blanc		3-8	白蛇傳	
贵族	guìzú	Noblesse, aristocratie	N.	3-8+	貴族	
埋	mái	Enterrer	V.	3-8+		
坟墓	fénmù	Tombe	N.	3-8+	墳墓	
合	hé	Fermer	V.	3-8+		
彩色	cǎisè	Multicolore	N.	3-8+		
蝴蝶	húdié	Papillon	N.	3-8+		
梁山伯	Liáng Shānbó	(Personnage de fiction) Liang Shanbo		3-8+		
祝英台	Zhù Yīngtái	(Personnage de fiction) Zhu Yingtai		3-8+	祝英臺	
搭档 [对]	dādàng	Coopérer; partenaire	V & N	3-9	搭檔	-
绝对	juéduì	Absolument, définitivement	Adv.	3-9	絕對	
学问	xuéwèn	Savoir, connaissance	N.	3-9	學問	
教授	jiàoshòu	Professeur	N.	3-9		
替	tì	Remplacer; à la place de, pour	Prep & V	3-9		
别说	biéshuō	Ne pas mentionner, ne pas dire		3-9	別説	
关于	guānyú	À propos de, concernant, il s'agit de	Prep.	3-9	關於	
过奖	guòjiǎng	Flatter, faire un éloge exagéré	V.	3-9	過獎	
记载	jìzǎi	Inscription, document; enregistrer, noter	V & N	3-9	記載	
关系	guānxì	Relation, rapport	N.	3-9	關係	
输	shū	Perdre	V.	3-9	輸	
赢	yíng	Gagner	V.	3-9	贏	
逛	guàng	Se promener, se balader, flâner	V.	3-9		
公园	gōngyuán	Parc	N.	3-9	公園	
印象	yìnxiàng	Impression	N.	3-9		
深	shēn	Profond	Adj.	3-9		
书店 [家]	shūdiàn	Librairie	N.	3-9	書店	
忍不住	rěnbuzhù	Ne pouvoir s'empêcher de		3-9		
至少	zhìshǎo	Au moins	Adv.	3-9		
印刷	yìnshuā	Imprimer	V.	3-9		
包装	bāozhuāng	Emballage; emballer	V & N	3-9	包裝	
货	huò	Marchandise	N.	3-9	貨	
并	bìng	Pas du tout (utilisé devant une négation)	Adv.	3-9	並	
书房	shūfáng	Cabinet de travail, bibliothèque	N.	3-9	書房	
摆	bǎi	Placer, disposer	V.	3-9	擺	
客人	kèrén	Visiteur, invité, hôte	N.	3-9		
显得	xiǎnde	Apparaître, avoir l'air	V.	3-9	顯得	
知识	zhīshi	Connaissance	N.	3-9	知識	
尤其	yóuqí	Particulièrement, essentiellement	Adv.	3-9		
以外	yǐwài	En dehors de, en outre	Prep.	3-9		
亲眼	qīnyǎn	De ses propres yeux	Adv.	3-9	親眼	
居然	jūrán	À la grande surprise de	Adv.	3-9		
孔夫子	Kǒng fūzǐ	Confucius		3-9		
上海书城	Shànghǎi Shūchéng	Cité des livres de Shanghai		3-9	上海書城	
郑	Zhèng	Zheng		3-9	鄭	
学而时习之	xué ěr shí xí zhī	Quand on étudie il faut pratiquer sans cesse		3-9		
看不出来	kàn bu chūlái	Inattendu		3-9		
一分钱一分货	yì fēn qián yì fēn huò	Une marchandise chère est de qualité supérieure, une marchandise bon marché est de qualité inférieure		3-9		
竹简	zhújiǎn	Lamelle de bambou sur laquelle on écrivait dans l'ancien temps	N.	3-9+	竹簡	
丝帛	sībó	Étoffe de soie	N.	3-9+	絲帛	
代替	dàitì	Substituer, remplacer	V.	3-9+		
科学家	kēxuéjiā	Scientifique	N.	3-9+	科學家	
专门	zhuānmén	Spécial	Adv.	3-9+	專門	
庄重	zhuāngzhòng	Sérieux, solennel	Adj.	3-10	莊重	-
下岗	xià gǎng	Se faire licencier, être au chômage	V.O.	3-10	下崗	
反正	fǎnzhèng	De toute façon	Adv.	3-10		
适合	shìhé	Convenir à; s'adapter à	V.	3-10	適合	
心态 [种]	xīntài	État mental, attitude	N.	3-10	心態	
急	jí	Anxieux, pressé	Adj.	3-10		
疯	fēng	Être fou	V.	3-10	瘋	
敢	gǎn	Oser	V.	3-10		
假装	jiǎzhuāng	Faire semblant	V.	3-10	假裝	
瞒	mán	Cacher	V.	3-10	瞞	
同病相怜	tóng bìng xiāng lián	Avec ses compagnons de misère		3-10	同病相憐	
新闻	xīnwén	Nouvelles	N.	3-10	新聞	
家务	jiāwù	Ménage	N.	3-10	家務	
消息	xiāoxi	Information, nouvelles	N.	3-10		
就业	jiù yè	Être embauché, trouver un travail	V.O.	3-10	就業	
培训班	péixùnbān	Cours de formation	N.	3-10	培訓班	
培训	péixùn	Former, entraîner	V.	3-10	培訓	
技术	jìshù	Technique	N.	3-10	技術	
报名	bào míng	S'inscrire	V.O.	3-10	報名	
犹豫	yóuyù	Hésiter; hésitant	V & Adj	3-10	猶豫	
不见不散	bú jiàn bú sàn	Engage les 2 parties à se rendre au rendez-vous. Litt. Si nous ne nous retrouvons pas, nous ne quitterons pas le lieu		3-10	不見不散	
闹钟	nàozhōng	Réveil	N.	3-10	鬧鐘	
满意	mǎnyì	Satisfait	Adj.	3-10	滿意	
竞争	jìngzhēng	Concurrencer	V.	3-10	競爭	
面试	miànshì	Entretien d'embauche; s'entretenir, interroger oralement	V & N	3-10	面試	
成功	chénggōng	Succès; réussir	V & N	3-10		
干脆	gāncuì	Carrément, simplement; net, franc, catégorique	Adv & Adj	3-10	乾脃	
连衣裙 [条]	liányīqún	Robe	N.	3-10	連衣裙	
性感	xìnggǎn	Sexy	Adj.	3-10		
随手	suíshǒu	En passant, nonchalamment	Adv.	3-10	隨手	
吊带裙 [条]	diàodàiqún	Robe débardeur	N.	3-10	吊帶裙	
养神	yǎng shén	Reposer son esprit	V.O.	3-10	養神	
响	xiǎng	Sonner	V.	3-10	響	
化妆	huà zhuāng	Se maquiller	V.O.	3-10	化妝	
一直	yìzhí	Toujours, tout droit	Adv.	3-10		
颜色 [种]	yánsè	Couleur	N.	3-10	顔色	
套装	tàozhuāng	Un ensemble	N.	3-10	套裝	
自信	zìxìn	Confiance en soi; sûr de soi	N & Adj	3-10		
别提了	bié tí le	(En réponse) signifie que le locuteur n'est pas content du sujet évoqué		3-10	別提了	
瞒得过今天，瞒不过明天	mán de guo jīntiān，mán bu guo míngtiān	On ne peut pas cacher la vérité éternellement		3-10	瞞得過今天，瞞不過明天	
把(人)吓了一跳	bǎ (rén) xià le yí tiào	Étonner qqn		3-10	把人嚇了一跳	
还是	háishì	(Début de phrase, selon contexte) Indique un choix qui a été fait après comparaison et réflexion		3-10	還是	
就	jiù	Peut être utilisé pour indiquer le sentiment du locuteur qui trouve que les choses se passent "plus vite, plus tôt et plus facilement" que prévu	Adv.	3-10		
才	cái	Peut indiquer le sentiment du locuteur qui trouve que les choses se passent plus tard, plus lentement et plus difficilement que prévu	Adv.	3-10	纔	
都 [···了]	dōu … le	Placé devant des mots qui indiquent le temps ou l'âge signifie "déjà" au contraite de 才	Adv.	3-10		
管	guǎn	Manager, gérer, s'occuper	V.	3-10+		
本事	běnshi	Capacité, compétence	N.	3-10+		
激烈	jīliè	Intense, acharné	Adj.	3-10+		
成绩	chéngjì	Résultat, dossier	N.	3-10+	成績	
假期	jiàqī	Vacances	N.	3-11		-
辛苦	xīnkǔ	Dur, difficile	Adj.	3-11		
不但 [...，而且...]	búdàn …, ěrqiě…	Non seulement	Conj.	3-11		
利用	lìyòng	Utiliser, profiter de	V.	3-11		
段	duàn	Section, paragraphe	Spec.	3-11		
选	xuǎn	Sélectionner, choisir	V.	3-11	選	
门	mén	Spécificatif pour un cours ou un sujet	Spec.	3-11	門	
学分 [个]	xuéfēn	Crédit	N.	3-11	學分	
哪怕 [...，也...]	nǎpà (yě)	Même si, sans tenir compte de	Conj.	3-11		
贷款	dàikuǎn	Prêt; prêter		3-11	貸款	
挣	zhèng	Gagner (de l'argent)	V.	3-11		
分	fēn	Diviser	V.	3-11		
既然 [...，就...]	jìrán (jiù)	Puisque	Conj.	3-11		
想法	xiǎngfǎ	Idée, réflexion	N.	3-11		
独立	dúlì	Prendre son indépendance, s'émanciper	V.	3-11	獨立	
只有 [...，才...]	zhǐyǒu (cái)	Seulement, ne...que	Conj.	3-11	衹有	
万一	wànyī	Au cas où, et si...	Adv.	3-11	萬一	
即使 [...，也...]	jíshǐ (yě)	Même si	Conj.	3-11		
回	huí	(Spécificatif employé pour signifier le nombre de fois où une action est répétée)	Spec.	3-11		
路上	lùshang	Sur la route	N.	3-11		
部分	bùfen	Une partie de	N.	3-11		
感到	gǎndào	Sentir	V.	3-11		
理解	lǐjiě	Comprendre	V.	3-11		
房租	fángzū	Loyer	N.	3-11		
可笑	kěxiào	Ridicule	Adj.	3-11		
不论 [...，都...]	búlùn (dōu)	Quel que soit	Conj.	3-11	不論	
伸手	shēn shǒu	Litt. : Tendre la main (pour demander qch) 	V.O.	3-11		
笔	bǐ	(Spécificatif pour une somme d'argent)	Spec.	3-11	筆	
数目	shùmù	Quantité, somme	N.	3-11	數目	
仔细	zǐxì	Soigneux, attentif	Adj.	3-11	仔細	
却	què	Mais, cependant, néanmoins	Adv.	3-11	卻	
再说	zàishuō	Remettre à plus tard, de plus	Conj.	3-11	再説	
学位	xuéwèi	Année, diplôme, grade (universitaire)	N.	3-11	學位	
道理	dàolǐ	Raison, bon sens	N.	3-11		
仅仅	jǐnjǐn	Seulement, à peine	Adv.	3-11	僅僅	
主要	zhǔyào	Essentiel, principal	Adj.	3-11		
任务	rènwù	Tâche, mission	N.	3-11	任務	
不就  [...了]	bú jiù (le)	Interro-négative qui signifie 就...了		3-11		
以后再说吧	yǐhòu zàishuō ba	"On en reparle plus tard". 再説 en fin de phrase signifie "ne pas accorder d'importance à qch"		3-11		
周围	zhōuwéi	Alentour	N.	3-11+	周圍	
倍	bèi	Fois (multiplication)	Spec.	3-11+		
考虑	kǎolǜ	Réflexion, considération; réfléchir, penser	V.	3-11+	考慮	
理由	lǐyóu	Raison	N.	3-11+		
影响	yǐngxiǎng	Influence, impact; Influencer, affecter	V & N	3-11+	影響	
利息	lìxī	Intérêt	N.	3-11+		
枝	zhī	Branche; Spécificatif pour les plantes et les fleurs	Spec.	3-12		-
玫瑰 [枝朵]	méigui	Rose	N.	3-12		
节日	jiérì	Fête, festival	N.	3-12	節日	
独特	dútè	Unique, spécial, particulier	Adj.	3-12	獨特	
过节	guò jié	Célébrer une fête	V.O.	3-12	過節	
方式	fāngshì	Méthode, façon	N.	3-12		
传统	chuántǒng	Tradition, traditionnel	N & Adj	3-12	傳統	
等等	děngděng	Etc.		3-12		
假如	jiǎrú	Si, supposons que	Conj.	3-12		
少数民族	shǎoshù mínzú	Minorité nationale	N.	3-12	少數民族	
加	jiā	Ajouter	V.	3-12		
元宵	yuánxiāo	Boulette de riz glutineux farcie	N.	3-12		
月饼	yuèbǐng	Gâteau de lune	N.	3-12	月餅	
聊天儿	liáo tiānr	Discuter, bavarder	V.O.	3-12	聊天兒	
流行	liúxíng	Populaire, à la mode	Adj.	3-12		
呆	dāi	Rester, ne pas savoir quoi dire, quoi faire	V.	3-12		
人满为患	rén mǎn wéi huàn	Surpeuplé		3-12	人滿爲患	
开放	kāifàng	S'ouvrir	V.	3-12	開放	
西方	xīfāng	Occident	N.	3-12		
好奇	hàoqí	Curieux	Adj.	3-12		
浪漫	làngmàn	Romantique	Adj.	3-12		
五颜六色	wǔ yán liù sè	Multicolore		3-12	五顔六色	
对于 [...来说, ...]	duìyú … láishuō	Quant à, en ce qui concerne		3-12	對於	
对于	duìyú	Sur, à l'égard de	Prep.	3-12	對於	
似乎	sìhū	Comme si, en apparence	Adv.	3-12		
专利	zhuānlì	Brevet	N.	3-12	專利	
丝巾 [条]	sījīn	Foulard en soie	N.	3-12	絲巾	
袜子 [双]	wàzi	Chaussettes	N.	3-12	襪子	
贵重	guìzhòng	Précieux, cher	Adj.	3-12	貴重	
接受	jiēshòu	Accepter, recevoir	V.	3-12		
合不拢嘴	hé bù lǒng zuǐ	Reste bouche bée (de joie), rire à gorge déployée		3-12	合不攏嘴	
失落	shīluò	Désappointé, perdu	Adj.	3-12		
出现	chūxiàn	Apparaître	V.	3-12	出現	
广告	guǎnggào	Publicité	N.	3-12	廣告	
算不上	suànbúshàng	Ne pas être considéré comme, ne pas être comme		3-12		
某	mǒu	Certain	Pron.	3-12		
使	shǐ	Faire, rendre, causer	V.	3-12		
感受	gǎnshòu	Sentiment, ressentir	V & N	3-12		
真挚	zhēnzhì	Sincère	Adj.	3-12	真摯	
春节	Chūn Jié	Fête du printemps		3-12	春節	
元宵节	Yuánxiāo Jié	Fête des lanternes		3-12	元宵節	
中秋节	Zhōngqiū Jié	Fête de la lune		3-12	中秋節	
圣诞节	Shèngdàn Jié	Noël		3-12	聖誕節	
情人节	Qíngrén Jié	Saint Valentin		3-12	情人節	
母亲节	Mǔqīn Jié	Fête des mères		3-12	母親節	
父亲节	Fùqīn Jié	Fête des pères		3-12	父親節	
这样	zhèyàng	(Se rapporte à la phrase précédente)		3-12	這樣	
这样一来	zhèyàng yìlái	(Introduit la phrase suivante et indique une relation de causalité entre ce qui précède et ce qui suit)		3-12	這樣一來	
机会	jīhuì	Chance, occasion	N.	3-12+	機會	
属于	shǔyú	Appartenir à	V.	3-12+	屬於	
不要紧	búyàojǐn	Ce n'est pas grave		3-12+	不要緊	
啰唆 [=啰嗦]	luōsuō	Bavard, ennuyeux	Adj.	3-12+	囉唆(囉嗦)	
放松	fàngsōng	Relaxer	V.	3-12+	放鬆	
祝福	zhùfú	Bénédiction	V.	3-12+		
吹牛	chuī niú	Se vanter, exagérer	V.O.	3-12+		
手机	shǒujī	Téléphone portable, cellulaire	N.	3-12+	手機	
经验	jīngyàn	Expérience	N.	4-1	經驗	-
个子	gèzi	Taille (hauteur)	N.	4-1	個子	
加班	jiā bān	Faire des heures supplémentaires	V.O.	4-1		
干吗	gànmá	2 sens : 干什么？ OU Pourquoi ?	Pron.Int.	4-1	幹嗎	
拼命	pīnmìng	(Travailler) d'arrache-pied	V.	4-1		
连锁店	liánsuǒdiàn	Chaîne de magasins	N.	4-1	連鎖店	
命	mìng	Vie, sort	N.	4-1		
享受	xiǎngshòu	Profiter, jouir de	V.	4-1		
倒是	dàoshì	Pourtant, cependant, au contraire	Adv.	4-1		
倒	dào	Au contraire, au lieu de	Adv.	4-1		
炒鱿鱼	chǎo yóuyú	Licencier qqn (Litt: frire les seiches)	V.O.	4-1	炒魷魚	
收入	shōurù	Revenu, salaire	N.	4-1		
工资	gōngzī	Salaire	N.	4-1	工資	
不同	bùtóng	Différent	Adj.	4-1		
答案	dá'àn	Réponse	N.	4-1		
调查	diàochá	Enquête; enquêter, faire une enquête	V & N	4-1	調查	
中心	zhōngxīn	Centre; un centre (ex: d'étude)	N.	4-1		
曾	céng	Une fois, autrefois, déjà	Adv.	4-1		
进行	jìnxíng	Fonctionner, progresser, effectuer, mener, faire	V.	4-1	進行	
其	qí	Son, sa, leur (pronom possessif du chinois classique)	Pron.	4-1		
居民	jūmín	Résident	N.	4-1		
增加	zēngjiā	Augmenter, croître	V.	4-1		
发挥	fāhuī	Mettre qch en jeu; développer	V.	4-1	發揮	
能力	nénglì	Compétence, capacité	N.	4-1		
贡献	gòngxiàn	Contribution; contribuer	V & N	4-1	貢獻	
服务	fúwù	Service; servir	V & N	4-1	服務	
选择	xuǎnzé	Choix, sélection; choisir, sélectionner	V & N	4-1	選擇	
首都	shǒudū	Capitale	N.	4-1		
受	shòu	Recevoir, accepter, subir; être	V.	4-1		
比例	bǐlì	Proportion, ratio, échelle	N.	4-1		
商品	shāngpǐn	Marchandise	N.	4-1		
意识	yìshi	Conscience, se rendre compte	V & N	4-1	意識	
强	qiáng	Fort	Adj.	4-1	強	
化	huà	(Suffixe indiquant un changement, une transformation)	Suff	4-1		
金钱	jīnqián	Argent, monnaie	N.	4-1	金錢	
广州	Guǎngzhōu	Ville de Guangzhou		4-1	廣州	
业务量	yèwùliàng	Volume de travail?	N.	4-1+	業務量	
家常便饭	jiācháng biànfàn	Normal, évident, simple, sans préparatif, improvisé, (à la fortune du pot)		4-1+	家常便飯	
工作量	gōngzuòliàng	Quantité de travail	N.	4-1+		
先后	xiānhòu	L'un après l'autre	Adv.	4-1+	先後	
招聘	zhāopìn	Embaucher	V.	4-1+		
辞职	cí zhí	Démissionner	V.O.	4-1+	辭職	
世界贸易组织	Shìjiè Màoyì Zǔzhī	Organisation Mondiale du Commerce		4-1+	世界貿易組織	
以为	yǐwéi	Croire, considérer, penser	V.	4-2	以爲	-
靓女 [位]	liàngnǚ	Jolie fille	N.	4-2	靚女	
靓	liàng	Joli	Adj.	4-2	靚	
失望	shīwàng	Désespérer, perdre espoir, être déçu	V.	4-2		
官	guān	Fonctionnaire, officiel	N.	4-2		
如何	rúhé	Comment	Pron.Int.	4-2		
校长 [位]	xiàozhǎng	Directeur de l'école, président de l'université	N.	4-2	校長	
得很	de hěn	Complément de degré, signifie "très" (après un Adj ou un Vb)		4-2		
最近	zuìjìn	Récemment, ces jours-ci	M.T.	4-2		
单位	dānwèi	Unité, département, division, section, etc.	N.	4-2	單位	
改革	gǎigé	Réforme; réformer	V & N	4-2		
行政	xíngzhèng	Administration	N.	4-2		
人员	rényuán	Personnel	N.	4-2	人員	
由	yóu	Par	Prep.	4-2		
理	lǐ	Prêter attention à	V.	4-2		
说情	shuōqíng	Intervenir en faveur de qqn., intercéder pour qqn	V.O.	4-2	説情	
面子	miànzi	Respect, dignité, "face"	N.	4-2		
得罪	dézuì	Offenser, blesser, froisser	V.	4-2		
处理	chǔlǐ	Arrangement, traitement; administrer, régler, arranger	V & N	4-2	處理	
际	jì	Entre, inter-	Suff	4-2	際	
布置	bùzhì	Arrangement, disposition; mettre en ordre, attribuer, assigner une tâche à qqn	V.	4-2	佈置	
许多	xǔduō	Beaucoup	Adj.	4-2	許多	
那样	nàyàng	Ce, celui-là	Pron.	4-2	那樣	
页	yè	Page	Spec.	4-2	頁	
正好	zhènghǎo	Justement	Adv.	4-2		
撕	sī	Déchirer	V.	4-2		
碎片	suìpiàn	Pièce, morceau	N.	4-2		
拼	pīn	Rassembler	V.	4-2		
起来	qǐlái	Placé après un verbe, il indique un mouvement ascendant ou le commencement ou l'accomplissement d'une action; placé après un adjectif, il indique le changement d'un état ou d'une situation	V.D.	4-2	起來	
出难题	chū nántí	Poser une question difficile		4-2	出難題	
幼儿园	yòu'éryuán	École maternelle, maternelle	N.	4-2	幼兒園	
破碎	pòsuì	Écraser, mettre en morceaux	V.	4-2		
惊讶	jīngyà	Étonné, stupéfait, surpris	Adj.	4-2	驚訝	
反面	fǎnmiàn	L'autre côté, l'envers de	Loc.	4-2		
明星	míngxīng	Vedette, célébrité	N.	4-2		
当	dāng	Quand, lorsque	Conj.	4-2	當	
轻而易举	qīng ér yì jǔ	Facile à faire, accomplir sans effort		4-2	輕而易舉	
解决	jiějué	Résoudre	V.	4-2	解決	
哪儿的话	nǎer de huà	"Pas du tout", "c'est absurde", 什么话		4-2	哪兒的話	
社会	shèhuì	Société	N.	4-2+	社會	
孤单	gūdān	Seul, solitaire	Adj.	4-2+	孤單	
交往	jiāowǎng	Contact, s'associer	V.	4-2+		
得到	dédào	Obtenir, gagner	V.	4-2+		
满足	mǎnzú	Satisfaction; satisfaire	V.	4-2+	滿足	
顺利	shùnlì	Succès, sans obstable, favorablement	Adj.	4-2+	順利	
良好	liánghǎo	Bon, bien	Adj.	4-2+		
心理	xīnlǐ	Psychologie, mentalité	N.	4-2+		
建立	jiànlì	Établir, construire	V.	4-2+		
掌握	zhǎngwò	Maîtriser, contrôler	V.	4-2+		
原则	yuánzé	Principe	N.	4-2+	原則	
平等	píngděng	Égalité	V.	4-2+		
忍让	rěnràng	Tolérer; indulgent, conciliant	V.	4-2+	忍讓	
互利	hùlì	Bénéfice réciproque	V.	4-2+		
信用	xìnyòng	Crédit; loyauté	N.	4-2+		
不~怎么行	bù ～ zěnme xíng	Comment pourrais-je ne pas...	N.	4-3		-
不就完了	bú jiù wán le	"Et puis c'est tout". "Problème réglé". "Then it's done".	N.	4-3		
大妈	dàmā	Femme du frère aîné du père, tante; appellation affectueuse ou respectueuse envers une femme âgée	N.	4-3	大媽	
孙子	sūnzi	Petit-fils (fils du fils)	V.	4-3	孫子	
奶奶	nǎinai	Grand-mère (mère du père), appellation affectueuse envers une vieille femme, mamie	N.	4-3		
瞧	qiáo	Regarder	V.	4-3		
讨人喜欢	tǎo rén xǐhuan	Plaire aux gens, plaisant		4-3	討人喜歡	
福气	fúqi	Bonne chance, bonne fortune	N.	4-3	福氣	
受罪	shòu zuì	Souffrir, subir des souffrances	V.O.	4-3		
生	shēng	Naître, accoucher de, donner la vie à qqn	V.	4-3		
俩	liǎ	Deux	Pron.	4-3	倆	
孙女儿	sūnnǚr	Petite-fille (fille du fils)	N.	4-3	孫女兒	
管	guǎn	Gouverner, s'occuper de, administrer	V.	4-3		
老年	lǎonián	Vieillesse	N.	4-3		
画	huà	Dessiner	V.	4-3	畫	
画儿 [张]	huàr	Peinture, dessin	N.	4-3	畫兒	
书法	shūfǎ	Calligraphie	N.	4-3	書法	
老伴儿	lǎobànr	Mari ou femme (dans un vieux couple), compagnon, compagne	N.	4-3	老伴兒	
对	duì	Paire, couple	Spec.	4-3	對	
夫妻 [对]	fūqī	Les époux	N.	4-3		
法院	fǎyuàn	Tribunal	N.	4-3		
要求	yāoqiú	Demande, revendication; revendiquer, demander	V & N	4-3		
离婚	lí hūn	Divorce; divorcer	V.O.	4-3	離婚	
对方	duìfāng	La partie adverse, la partie opposée	N.	4-3	對方	
眼神	yǎnshén	Regard, expression des yeux	N.	4-3		
温柔	wēnróu	Tendre, doux	Adj.	4-3		
负责	fùzé	Assumer, prendre la responsabilité de, être responsable de; responsable, consciencieux	V & Adj	4-3	負責	
案子 [个件]	ànzi	Procès, cas, affaire	N.	4-3		
法官	fǎguān	Juge	N.	4-3		
围住	wéizhù	Entourer, encercler	V.	4-3	圍住	
同意	tóngyì	Être d'accord, approuver	V.	4-3		
签字	qiān zì	Signer	V.O.	4-3	簽字	
复婚	fù hūn	Se remarier (avec la même personne)	V.O.	4-3	復婚	
遗产	yíchǎn	Héritage	N.	4-3	遺產	
再婚	zàihūn	Se remarier	V.	4-3		
财产	cáichǎn	Capital, propriété, patrimoine	N.	4-3	財產	
V着玩儿	V zhe wánr	Faire qch pour le plaisir, pour se distraire		4-3		
跟(人)再见	gēn (rén) zàijiàn	Dire au revoir à (人)		4-3		
一V1才V2	yī V1 cái V2	La 2è action est l'effet (conséquence) de la 1ère		4-3		
管N1叫"N2"	guǎn N1 jiào N2	Appeler N1 "N2". Être connu comme "N2"		4-3		
目前	mùqián	Pour le moment, à présent	M.T.	4-3+		
空巢	kōngcháo	Nid vide	N.	4-3+		
亲情	qīnqíng	Affection	N.	4-3+	親情	
空荡荡	kōngdàngdàng	Vide, désert	Adj.	4-3+	空蕩蕩	
人情味	rénqíngwèi	Sentiment humain	N.	4-3+		
保持	bǎochí	Maintenir, garder	V & N	4-3+		
碗 [只]	wǎn	Bol	Spec.	4-3+		
距离	jùlí	Distance	N.	4-3+	距離	
有请	yǒuqǐng	Demander, inviter	V.	4-4	有請	-
详细	xiángxì	Détaillé, minutieux en détails	Adv & Adj	4-4	詳細	
光临	guānglín	La présence d'un hôte (honorable)	V.	4-4	光臨	
指导	zhǐdǎo	Instruction; instruire, guider	V & N	4-4	指導	
全部	quánbù	Tout, total	N.	4-4		
城里	chéngli	En ville	M.P.	4-4	城裏	
所	suǒ	(Spécificatif pour une école ou un institut)	Spec.	4-4		
捐款	juān kuǎn	Donation; faire une donation	V & N	4-4		
投资	tóu zī	Investissement; investir	V & N	4-4	投資	
县	xiàn	District	N.	4-4	縣	
成长	chéngzhǎng	Croissance; croître, grandir	V.	4-4	成長	
不利	búlì	Défavorable, désavantageux	Adj.	4-4		
顺利	shùnlì	Sans obstacle; favorable	Adj.	4-4	順利	
困难	kùnnan	Difficulté, peine; difficile	N & Adj	4-4	困難	
班	bān	Classe, groupe	N.	4-4		
缺少	quēshǎo	Manquer, faire défaut	V.	4-4		
资金	zījīn	Capital	N.	4-4	資金	
低	dī	Baisser, incliner	V.	4-4		
难为情	nánwéiqíng	Embarrassé, confus, timide (跟“不好意思”差不多)	Adj.	4-4	難為情	
家访	jiāfǎng	Visiter la famille d'un élève	V.	4-4	家訪	
亲切	qīnqiè	Cordial, chaleureux, intime	Adj.	4-4	親切	
沙发	shāfā	Canapé	N.	4-4	沙發	
家长	jiāzhǎng	Parents	N.	4-4	家長	
猜想	cāixiǎng	Supposition; supposer, deviner	V.	4-4		
惹	rě	Offenser, provoquer	V.	4-4		
推	tuī	Pousser	V.	4-4		
办公室	bàngōngshì	Office, bureau	N.	4-4	辦公室	
点头	diǎn tóu	Hocher la tête	V.O.	4-4	點頭	
让座	ràng zuò	Offrir ou laisser sa place à qqn; inviter qqn à s'asseoir	V.O.	4-4	讓座	
悬	xuán	Suspendre	V.	4-4	懸	
总算	zǒngsuàn	Finalement, enfin	Adv.	4-4	總算	
嘴 [张]	zuǐ	Bouche	N.	4-4		
考	kǎo	Passer un examen	V.	4-4		
倒数	dàoshǔ	Compter à rebours	V.	4-4	倒數	
名	míng	Le classement dans un concours, place dans un classement	Spec.	4-4		
瞪	dèng	Regarder fixement, dévisager	V.	4-4		
莫名其妙	mòmíngqímiào	Incompréhensible, sans rime ni raison	Chengyu	4-4		
华侨	huáqiáo	Chinois d'outre-mer	N.	4-4+	華僑	
修建	xiūjiàn	Construire, ériger	V.	4-4+		
竣工	jùngōng	Achever; achèvement	V.	4-4+		
剪彩	jiǎn cǎi	Couper le ruban de l'inauguration	V.O.	4-4+	剪綵	
校舍	xiàoshě	Cité universitaire, résidence universitaire	N.	4-4+		
贫困	pínkùn	Pauvre, démuni	Adj.	4-4+	貧困	
捐赠	juānzèng	Offrir, donner, contribuer	V.	4-4+	捐贈	
物品	wùpǐn	Articles, matériaux	N.	4-4+		
专科	zhuānkē	Université secondaire	N.	4-4+	專科	
奖学金	jiǎngxuéjīn	Bourse d'études	N.	4-4+	獎學金	
研究生	yánjiūshēng	Étudiant en master	N.	4-4+		
费用	fèiyòng	Dépenses, frais	N.	4-4+	費用	
赵	Zhào	Zhao (Nom de famille)		4-4+	趙	
陈	Chén	Chen (Nom de famille)		4-4+	陳	
刘	Liú	Liu (Nom de famille)		4-4+	劉	
中彩	zhòng cǎi	Gagner à la loterie	V.O.	4-5		-
派	pài	Envoyer	V.	4-5		
吉利	jílì	Chanceux	Adj.	4-5		
排号	pái hào	Affecter un numéro; générer des chiffres	V.O.	4-5	排號	
更改	gēnggǎi	Changer, modifier	V.	4-5		
改	gǎi	Changer, modifier	V.	4-5		
数	shù	Chiffre, nombre	N.	4-5	數	
发	fā	Devenir riche, faire fortune	V.	4-5	發	
抱歉	bàoqiàn	S'excuser	Adj.	4-5		
迷信	míxìn	Être superstitieux	V.	4-5		
彩票 [张]	cǎipiào	Billet de loto	N.	4-5		
中奖	zhòng jiǎng	Gagner à la loterie	V.O.	4-5	中獎	
发财	fā cái	Faire fortune, devenir riche	V.O.	4-5	發財	
拉倒	lādǎo	Laisser tomber, abandonner, (算了)	V.	4-5		
完全	wánquán	Complètement, entièrement, totalement: total, entière	Adv & Adj	4-5		
发行	fāxíng	Publier, distribuer	V.	4-5	發行	
天文	tiānwén	Astronomie; astronomique	N & Adj	4-5		
数字	shùzì	Nombre, chiffre	N.	4-5	數字	
是否	shìfǒu	Est-ce que... ? (是不是)		4-5		
曾经	céngjīng	Jadis, auparavant，(曾)	Adv.	4-5	曾經	
梦想	mèngxiǎng	Rêve; rêver	V & N	4-5	夢想	
头彩	tóucǎi	Gros lot, jackpot	N.	4-5	頭彩	
假若	jiǎruò	Si (如果)	Conj.	4-5		
大部分	dàbùfen	La plupart	N.	4-5		
愿望	yuànwàng	Désir, souhait, aspiration	N.	4-5	願望	
毕竟	bìjìng	En fin de compte, finalement, après tout	Adv.	4-5	畢竟	
者	zhě	-eur, -iste	Suff	4-5		
提供	tígōng	Fournir	V.	4-5		
旅游	lǚyóu	Voyager	V.	4-5		
购	gòu	Acheter	V.	4-5	購	
创业	chuàngyè	Créer une oeuvre, fonder une entreprise	V.	4-5	創業	
多数	duōshù	Majorité	N.	4-5	多數	
男性	nánxìng	Homme	N.	4-5		
成	chéng	一成=10%, 兩成=20%	Spec.	4-5		
女性	nǚxìng	Femme	N.	4-5		
意味着	yìwèizhe	Signifier, impliquer	V.	4-5	意味著	
反而	fǎn'ér	Au contraire, par contre, mais	Conj.	4-5		
如此	rúcǐ	Si, tel, comme ça	Pron.	4-5		
虽然如此	suīrán rúcǐ	Cela dit, Quand même		4-5	雖然如此	
白日梦	báirìmèng	Rêve éveillé	N.	4-5	白日夢	
能够	nénggòu	Pouvoir, être capable de，(和"能"差不多)	V.Aux.	4-5	能夠	
实现	shíxiàn	Réaliser, achever	V.	4-5	實現	
新民周刊	Xīnmín Zhōukān	Hebdomadaire Xinmin		4-5		
中签	zhòng qiān	Gagner à la loterie	V.O.	4-5	中簽	
中毒	zhòngdú	Empoisonné		4-5		
猜中	cāi zhòng	Deviner juste		4-5		
打枪	dǎ qiāng	Tirer un coup de feu	V.O.	4-5	打槍	
打中	dǎ zhòng	Tirer et viser juste		4-5		
营业	yíngyè	Entreprise, vente	V.	4-5	營業	
不X也不能Y	bù X yě bù néng Y	Même si V.Nég. Je ne peux pas V (即使不…，也不…)		4-5		
结论	jiélùn	Conclusion	N.	4-5+	結論	
承受	chéngshòu	Supporter, endurer	V.	4-5+		
穷	qióng	Pauvre	Adj.	4-5+	窮	
面对	miànduì	Faire face à, confronter	V.	4-5+	面對	
心跳	xīntiào	Battement de coeur	V.O.	4-5+		
安心	ānxīn	Être tranquille, calme, à l'aise	Adj.	4-5+		
抢	qiǎng	Piller, voler (avec violence)	V.	4-5+	搶	
吃喝玩乐	chī hē wán lè	"Manger, boire et s'amuser", mener une vie de plaisirs	Chengyu	4-5+	吃喝玩樂	
坐吃山空	zuò chī shān kōng	"Quand on reste manger sans rien faire, même un immense capital finit par s'épuiser"	Chengyu	4-5+		
奋斗	fèndòu	Combattre, lutter pour	V.	4-5+	奮鬥	
乐趣	lèqù	Plaisir, joie	N.	4-5+	樂趣	
目标	mùbiāo	But, objectif	N.	4-5+	目標	
可怕	kěpà	Terrible, épouvantable	Adj.	4-5+		
双	shuāng	Deux, double, paire	Adj.	4-6	雙	-
塔	tǎ	Tour, pagode	N.	4-6		
对话	duìhuà	Dialogue; dialoguer	V & N	4-6	對話	
世纪	shìjì	Siècle	M.T.	4-6	世紀	
通过	tōngguò	Passer, traverser; via, à travers	Prep & V	4-6	通過	
国际	guójì	International	N.	4-6	國際	
卫星	wèixīng	Satellite	N.	4-6	衛星	
时差	shíchā	Décalage horaire	N.	4-6	時差	
夜晚	yèwǎn	Soir, nuit	M.T.	4-6		
凌晨	língchén	Petit matin	M.T.	4-6		
标志	biāozhì	Signe, marque, symbole; marquer	V & N	4-6	標志	
性	xìng	(Nature, propriété)	Suff	4-6		
建筑	jiànzhù	Bâtiment, architecture	N.	4-6	建築	
米	mǐ	Mètre	Spec.	4-6		
建成	jiànchéng	Terminer, achever, accomplir la construction (bâtiment, pont, etc.)		4-6		
接待	jiēdài	Recevoir	V.	4-6		
元首 [位]	yuánshǒu	Chef d'État	N.	4-6		
先后	xiānhòu	Successivement, l'un après l'autre	Adv.	4-6	先後	
不下	búxià	Pas moins que, être au moins	V.	4-6		
笑星	xiàoxīng	Comédien	N.	4-6		
表示	biǎoshì	Exprimer, montrer, manifester	V & N	4-6		
祝福	zhùfú	Bénédiction, voeux; souhaiter	V & N	4-6		
接着	jiēzhe	Continuer; puis, ensuite	V Conj	4-6	接著	
总经理	zǒngjīnglǐ	Directeur général	N.	4-6	總經理	
地球村	dìqiúcūn	Village global	N.	4-6		
村民	cūnmín	Villageois	N.	4-6		
宣布	xuānbù	Déclarer, annoncer	V.	4-6		
正式	zhèngshì	Formel, officiel	Adj.	4-6		
成为	chéngwéi	Devenir	V.	4-6	成爲	
友好	yǒuhǎo	Amical	Adj.	4-6		
气氛	qìfēn	Ambiance, atmosphère	N.	4-6	氣氛	
热烈	rèliè	Chaleureux, enthousiaste	Adj.	4-6	熱烈	
经历	jīnglì	Expérience, vécu; éprouver, vivre	V & N	4-6	經歷	
美好	měihǎo	Beau, jolie, merveilleux	Adj.	4-6		
挽救	wǎnjiù	Sauver, sauvegarder	V.	4-6		
生命 [条]	shēngmìng	Vie	N.	4-6		
女士	nǚshì	Madame	N.	4-6		
祝愿	zhùyuàn	Souhait; souhaiter	V & N	4-6	祝願	
多伦多	Duōlúnduō	Toronto		4-6	多倫多	
跨越	kuàyuè	Traverser	V.	4-6+		
系列	xìliè	Série	N.	4-6+		
群	qún	Groupe	V.	4-6+		
对岸	duì'àn	L'autre rive	N.	4-6+	對岸	
交相辉映	jiāo xiāng huī yìng	(Augmenter réciproquement le rayonnement et la beauté)	Chengyu	4-6+	交相輝映	
艺术	yìshù	Art	N.	4-6+	藝術	
图片	túpiàn	Peinture, photo	N.	4-6+	圖片	
展	zhǎn	Exposition	N.	4-6+		
赠送	zèngsòng	Offrir	V.	4-6+	贈送	
纪念品	jìniànpǐn	Souvenir	N.	4-6+	紀念品	
巴黎	Bālí	Paris		4-6+		
埃菲尔铁塔 (艾菲尔)	Āifēi'ěr Tiě tǎ	Tour Eiffel		4-6+	埃菲爾鐵塔	
黄浦江	Huángpǔ Jiāng	Rivière Huangpu		4-6+	黃浦江	
网	wǎng	Réseau, filet	N.	4-7	網	-
猜	cāi	Deviner	V.	4-7		
得了	déle	Ça suffit.		4-7		
卖关子	mài guānzi	Faire durer le suspense 		4-7	賣關子	
自然	zìrán	Nature; naturellement; naturel	N Adv Adj	4-7		
难看	nánkàn	Vilain, laid	Adj.	4-7	難看	
网恋	wǎngliàn	Romance par Internet	V & N	4-7	網戀	
游戏	yóuxì	Jouer; jeu	V & N	4-7	遊戲	
规则 [条]	guīzé	Règle	N.	4-7	規則	
商量	shāngliang	Discuter	V.	4-7		
我的那位	wǒ de nà wèi	Mon/ma compagnon / compagne, mari / femme, moitié		4-7		
太祖母	tàizǔmǔ	Arrière-grand-mère	N.	4-7		
网民	wǎngmín	Internaute	N.	4-7	網民	
网虫	wǎngchóng	Habitué de l'Internet, internaute fanatique	N.	4-7	網蟲	
抱	bào	Embrasser, porter dans les bras	V.	4-7		
大吃一惊	dà chī yì jīng	Être très surpris, s'étonner		4-7	大吃一驚	
主动	zhǔdòng	Prendre l'initiative de	Adj.	4-7	主動	
刻苦	kèkǔ	Avec assiduité, avec application, simple et frugal	Adj.	4-7		
熟练	shúliàn	Habile, adroit	Adj.	4-7	熟練	
网站	wǎngzhàn	Site web	N.	4-7	網站	
戏剧	xìjù	Pièce de théâtre	N.	4-7	戲劇	
大观	dàguān	Grand spectacle	N.	4-7	大觀	
唱段	chàngduàn	Chant, air	N.	4-7		
泡	pào	Mariner, tremper	V.	4-7		
网络	wǎngluò	Réseau	N.	4-7	網絡	
局限	júxiàn	Limiter	V.	4-7		
听戏	tīng xì	Assister à un opéra	V.O.	4-7	聽戲	
投入	tóurù	Se lancer dans, se jeter dans, s'impliquer; absorbé	V & Adj	4-7		
槐树	huáishù	Sophora	N.	4-7	槐樹	
慌张	huāngzhāng	Confus, affolé, agité, troublé	Adj.	4-7	慌張	
终于	zhōngyú	Finalement, à la fin, finir par	Adv.	4-7	終於	
坦率	tǎnshuài	Franc, direct	Adj.	4-7		
喜糖	xǐtáng	Bonbon de noces	N.	4-7		
孤独	gūdú	Solitaire	Adj.	4-7	孤獨	
白雪公主	Báixuě Gōngzhǔ	Blanche Neige		4-7		
白马王子	Báimǎ Wángzǐ	Prince charmant		4-7	白馬王子	
丑小鸭	Chǒu Xiǎoyā	Vilain petit canard		4-7	醜小鴨	
想象	xiǎngxiàng	Imaginer	V.	4-7		
真是的	zhēn shì de	(Peut exprimer le mécontentement, 不满)		4-7		
长得漂亮	zhǎng de piàoliang	Jolie, mignonne		4-7	長得漂亮	
欢呼	huānhū	Crier joie	V.	4-7+	歡呼	
时髦	shímáo	En vogue, à la mode	Adj.	4-7+	時髦	
色彩	sècǎi	Coloré, couleur	N.	4-7+		
虚幻	xūhuàn	Illusion, irréel	N.	4-7+	虛幻	
创造	chuàngzào	Création	V.	4-7+	創造	
欲望	yùwàng	Désir, souhait	N.	4-7+		
产生	chǎnshēng	Produire, engendrer	V.	4-7+	產生	
表现	biǎoxiàn	Exprimer, monter; manifester	V.	4-7+	表現	
不够 [～]	bú gòu ~	Pas assez ~		4-7+	不夠	
锅	guō	Casserole, marmite, wok	N.	4-8	鍋	-
筷子 [双根]	kuàizi	Baguettes	N.	4-8		
老婆	lǎopo	Femme	N.	4-8		
瓢	piáo	Louche (faite d'une moitité de calebasse)	N.	4-8		
盆	pén	Bassin, cuvette	N.	4-8		
锅碗瓢盆	guōwǎnpiáopén	Casseroles et poêles (ou vaisselle en général ?)		4-8	鍋碗瓢盆	
废话	fèihuà	Baliverne, paroles, superflues, verbiage	V & N	4-8	廢話	
别废话了	bié fèihuà le	"Assez de blabla", "Garde tes balivernes"		4-8	別廢話了	
老公	lǎogōng	Mari	N.	4-8		
湿漉漉	shīlùlù	Humide, mouillé	Adj.	4-8	濕漉漉	
擦	cā	Essuyer, frotter	V.	4-8		
去你的	qù nǐ de	"Fiche-moi le camp", "Va-t-en"		4-8		
地位	dìwèi	Statut, position	N.	4-8		
老生常谈	lǎo shēng cháng tán	Propos habituels d'un vieux lettré, les vieilles banalités	Chengyu	4-8	老生常談	
话题	huàtí	Sujet, thème de conversation	N.	4-8	話題	
现代	xiàndài	Moderne	Adj.	4-8	現代	
自	zì	De, depuis	Prep.	4-8		
来自	lái zì	Venant de…. 来自社会的压力 La pression venant de la société		4-8	來自	
巨大	jùdà	Grand, énorme, vaste	Adj.	4-8		
压力	yālì	Pression	N.	4-8	壓力	
主	zhǔ	Exercer l'autorité, présider, diriger	V.	4-8		
观念	guānniàn	Idée, concept, point de vue	N.	4-8	觀念	
以…为…	yǐ…wéi...	Considérer... comme..., prendre... pour...		4-8	以…爲…	
突出	tūchū	Saillant, proéminent, marquant	Adj.	4-8		
自觉	zìjué	Avoir conscience, Consciencieux	Adj.	4-8	自覺	
充当	chōngdāng	Servir de, jouer le rôle de	V.	4-8	充當	
顶梁柱	dǐngliángzhù	Pilier, clé de voûte	N.	4-8	頂梁柱	
角色	juésè	Rôle	N.	4-8		
责任 [种]	zérèn	Responsabilité, tache	N.	4-8	責任	
必须	bìxū	Falloir ( <> 不必，无须)	V.	4-8	必須	
放松	fàngsōng	Se relaxer, se détendre	V.	4-8	放鬆	
随着	suízhe	Avec, à la suite de	Prep.	4-8	隨著	
时代	shídài	Époque, âge	N.	4-8	時代	
变化	biànhuà	Changement; changer	V & N	4-8	變化	
同样	tóngyàng	Pareil, similaire	Adj.	4-8	同樣	
崛起	juéqǐ	Se dresser abruptement	V.	4-8		
贤妻良母	xián qī liáng mǔ	Femme vertueuse et mère affectueuse	Chengyu	4-8	賢妻良母	
承担	chéngdān	Assumer, prendre en charge	V.	4-8	承擔	
负担	fùdān	Charge, fardeau; prendre en charge, assumer	V & N	4-8	負擔	
酸甜苦辣	suān tián kǔ là	Douceur et amertume de la vie (acide, sucré, amer et pimenté)	Chengyu	4-8		
不得不	bù dé bu	Devoir faire, on doit ~. 		4-8		
意外	yìwài	Accident, imprévu	N.	4-8+		
伤害	shānghài	Blesser	V.	4-8+	傷害	
发育	fāyù	Croissance, développement	V.	4-8+	發育	
倍	bèi	Fois (multiplication)	Spec.	4-8+		
疲劳	píláo	Fatigué	Adj.	4-8+	疲勞	
试验	shìyàn	Expérimenter, tester	V.	4-8+	實驗	
表明	biǎomíng	Indiquer, exprimer, montrer	V.	4-8+		
煎鸡蛋	jiān jīdàn	Faire des omelettes		4-8+	煎鷄蛋	
证明	zhèngmíng	Prouver, certifier, certificat	V.	4-8+	證明	
性欲	xìngyù	Désir sexuel	N.	4-8+		
下丘脑	xiàqiūnǎo	Hypothalamus	N.	4-8+	下丘腦	
抱怨	bàoyuàn	Se plaindre	V.	4-8+		
日益	rìyì	Jour après jour	Adv.	4-8+		
减少	jiǎnshǎo	Réduire, diminuer	V.	4-8+	減少	
作为 [~N]	zuòwéi (+ N)	En tant que ~		4-9	作為	-
回心转意	huí xīn zhuǎn yì	Se raviser, revenir sur sa décision, changer d'avis	Chengyu	4-9	回心轉意	
吧	bā	Bar, brasserie	N.	4-9		
聚会	jùhuì	Réunion, se réunir	V & N	4-9	聚會	
大名鼎鼎	dàmíng dǐngdǐng	Fameux, célèbre		4-9		
丁克	dīngkè	DINK (Double Income No Kids)	N.	4-9		
族长	zúzhǎng	Chef de clan	N.	4-9	族長	
法子	fǎzi	Méthode, moyen	N.	4-9		
对付	duìfu	Se débrouiller, faire face à 	V.	4-9	對付	
轮流	lúnliú	À tour de rôle, tour à tour, successivement	V.	4-9	輪流	
磨	mó	Frotter, frictionner, meuler, aiguiser, affûter	V.	4-9		
茧子	jiǎnzi	Cocon; cal, cor	N.	4-9	繭子	
清静	qīngjìng	Calme, paisible	Adj.	4-9		
老爷子	lǎoyézi	Grand-père (formule de politesse à l'adresse d'un vieil homme)	N.	4-9	老爺子	
老太太	lǎotàitai	Grand-mère (formule de politesse à l'adresse d'une vieille femme)	N.	4-9		
烦	fán	Troubler, déranger; excédé, ennuyé	V & Adj	4-9	煩	
整天	zhěngtiān	Toute la journée, tous les jours	Adv.	4-9		
冷清	lěngqīng	Désert, peu animé, trop calme	Adj.	4-9		
这话怎么说	zhè huà zěnme shuō	Pourquoi dites-vous cela ? OU Que voulez-vous dire par là ?		4-9	這話怎麽説	
这一下	zhè yíxià	Par conséquent, de cette manière (这样一来)		4-9		
画家	huàjiā	Peinture	N.	4-9	畫家	
悄悄	qiāoqiāo	Silencieusement, furtivement	Adv.	4-9		
改变	gǎibiàn	Changer, transformer, modifier	V.	4-9	改變	
寂寞	jìmò	Isolé, seul	Adj.	4-9		
行列	hángliè	Rang	N.	4-9		
现象	xiànxiàng	Phénomène	N.	4-9	現象	
另	lìng	D'autre part, en plus; différent, autre	Adv & Adj	4-9		
情感	qínggǎn	Émotion, sentiment; affection	N.	4-9		
由于	yóuyú	À cause de; parce que, en raison de		4-9	由於	
无聊	wúliáo	Ennuyé, ennuyeux, fastidieux	Adj.	4-9	無聊	
乏味	fáwèi	Fade, insipide, sans intérêt	Adj.	4-9		
自然而然	zìrán ér rán	Naturellement, spontanément	Chengyu	4-9		
重新	chóngxīn	Encore, de nouveau	Adv.	4-9		
转变	zhuǎnbiàn	Changer, transformer	V.	4-9	轉變	
森林	sēnlín	Fôrêt	N.	4-9		
痛苦	tòngkǔ	Douloureux	Adj.	4-9		
分娩	fēnmiǎn	Accoucher, enfanter	V.	4-9		
天伦之乐	tiānlún zhī lè	Bonheur d'être en famille	Chengyu	4-9	天倫之樂	
母爱	mǔ'ài	Amour maternel	N.	4-9	母愛	
付出	fùchū	Donner, payer	V.	4-9		
结束	jiéshù	Terminer, finir, conclure	V.	4-9	結束	
奢侈	shēchǐ	Luxe; luxueux	N & Adj	4-9+		
事业	shìyè	Carrière, entreprise, cause	N.	4-9+	事業	
意义	yìyì	Sens, signification	N.	4-9+	意義	
态度	tàidù	Attitude	N.	4-9+	態度	
目的	mùdì	But, objectif	N.	4-9+		
组成	zǔchéng	Composer, rassembler	V.	4-9+	組成	
完整	wánzhěng	Complet, intégral	Adj.	4-9+		
维系	wéixì	Maintenir	V.	4-9+	維繫	
传宗接代	chuán zōng jiē dài	Avoir un héritier pour perpétuer la lignée		4-9+	傳宗接代	
精力	jīnglì	Énergie	N.	4-9+		
害怕	hàipà	Peur, avoir peur	V.	4-9+		
作用	zuòyòng	Effet, fonction	N.	4-9+		